,ACTIVITY_TYPE,BASE_STATE_PRC_HUNTING,BASE_STATE_PRC_HUNTING_OVER_100_ACRES,STATE,ACREAGE,DURATION_days,final_price_all_acres,DAILY_PRICE_BASE,TOTAL_ANNUAL_PRICE,FINAL_PRICE,final_price_less_20_acres,final_price_20_100_acres
4369,HUNTING,13,25,Oklahoma,39,1,50.00,2.739726027,1000,2.739726027,,50
365,HUNTING,21,33,Michigan,150,1,144.23,7.903029294,2884.605692,7.903029294,,
892,HUNTING,10,22,Alabama,252,1,152.64,8.363780046,3052.779717,8.363780046,,
6466,HUNTING,10,22,North Dakota,282,1,161.47,8.847628662,3229.384461,8.847628662,,
5679,HUNTING,10,22,Wyoming,712,1,256.57,14.05860826,5131.392014,14.05860826,,
2281,HUNTING,10,22,Massachusetts,182,2,259.44,7.107846277,2594.363891,14.21569255,,
9311,HUNTING,17,29,Maryland,619,1,274.66,15.04995896,5493.235021,15.04995896,,
3720,HUNTING,13,25,Oklahoma,954,1,316.59,17.34743161,6331.812537,17.34743161,,
8520,HUNTING,20,32,Minnesota,123,3,385.84,7.047231483,2572.239491,21.14169445,,
422,HUNTING,13,25,Oklahoma,363,2,390.58,10.70075225,3905.774571,21.4015045,,
24,HUNTING,10,22,Massachusetts,598,2,470.27,12.88406552,4702.683915,25.76813104,,
3370,HUNTING,10,22,Florida,59,14,532.00,2.739726027,1000,38.35616438,,532
6639,HUNTING,10,22,Alabama,44,15,570.00,2.739726027,1000,41.09589041,,570
1738,HUNTING,21,33,Michigan,53,14,621.19,3.199062773,1167.657912,44.78687883,,
8762,HUNTING,13,25,Oklahoma,24,17,646.00,2.739726027,1000,46.57534247,,646
7452,HUNTING,19,31,Indiana,384,3,671.00,12.25568109,4473.323597,36.76704326,,
5875,HUNTING,10,22,New Mexico,90,32,672.00,2.876712329,1050,92.05479452,,
7939,HUNTING,10,22,Montana,562,3,683.84,12.49023157,4558.934525,37.47069472,,
7543,HUNTING,10,22,Rhode Island,71,18,684.00,2.739726027,1000,49.31506849,,684
8967,HUNTING,10,22,Utah,233,6,704.51,8.04230044,2935.43966,48.25380264,,
5739,HUNTING,10,22,Idaho,35,36,720.00,2.739726027,1000,98.63013699,,720
5130,HUNTING,10,22,South Dakota,69,123,738.00,2.739726027,1000,336.9863014,,738
3669,HUNTING,11,23,Arkansas,375,4,761.54,10.43207124,3807.706002,41.72828496,,
642,HUNTING,10,22,Arizona,50,127,762.00,2.739726027,1000,347.9452055,,762
534,HUNTING,10,22,Connecticut,73,39,780.00,2.739726027,1000,106.8493151,,780
6801,HUNTING,10,22,Connecticut,61,39,780.00,2.739726027,1000,106.8493151,,780
450,HUNTING,10,22,Montana,426,4,793.83,10.87444578,3969.17271,43.49778312,,
2945,HUNTING,16,28,Pennsylvania,34,22,836.00,2.739726027,1000,60.2739726,,836
2513,HUNTING,10,22,Louisiana,36,42,840.00,2.739726027,1000,115.0684932,,840
2623,HUNTING,16,28,Virginia,35,140,840.00,2.739726027,1000,383.5616438,,840
1215,HUNTING,20,32,Minnesota,131,8,849.46,7.27279974,2654.571905,58.18239792,,
6184,HUNTING,29,29,Kansas,193,7,858.85,8.403663339,3067.337119,58.82564337,,
941,HUNTING,35,35,Iowa,10,43,860.00,2.739726027,1000,117.8082192,860,
1456,HUNTING,10,22,Utah,87,144,891.95,2.828360779,1032.351684,407.2839521,,
4999,HUNTING,10,22,Alabama,97,137,896.04,2.986489877,1090.068805,409.1491132,,
1748,HUNTING,10,22,Washington,2,151,906.00,2.739726027,1000,413.6986301,906,
275,HUNTING,19,31,New York,157,8,915.30,7.836491473,2860.319388,62.69193179,,
6773,HUNTING,10,22,South Dakota,82,65,977.19,2.745883492,1002.247474,178.482427,,
790,HUNTING,10,22,Massachusetts,17,163,978.00,2.739726027,1000,446.5753425,978,
2744,HUNTING,10,22,Nevada,69,49,980.00,2.739726027,1000,134.2465753,,980
8274,HUNTING,13,25,Oklahoma,41,68,1020.00,2.739726027,1000,186.3013699,,1020
3456,HUNTING,29,29,Illinois,46,21,1020.11,3.502297988,1278.338766,73.54825776,,
8611,HUNTING,10,22,Arizona,84,51,1034.68,2.779168143,1014.396372,141.7375753,,
8227,HUNTING,10,22,New Jersey,14,173,1038.00,2.739726027,1000,473.9726027,1038,
5596,HUNTING,16,28,Pennsylvania,7,174,1044.00,2.739726027,1000,476.7123288,1044,
2079,HUNTING,10,22,New Hampshire,75,28,1064.00,2.739726027,1000,76.71232877,,1064
4209,HUNTING,10,22,Tennessee,42,180,1080.00,2.739726027,1000,493.1506849,,1080
5926,HUNTING,10,22,New Hampshire,49,183,1098.00,2.739726027,1000,501.369863,,1098
6913,HUNTING,10,22,South Dakota,30,56,1120.00,2.739726027,1000,153.4246575,,1120
6291,HUNTING,15,27,Georgia,13,187,1122.00,2.739726027,1000,512.3287671,1122,
6411,HUNTING,29,29,Kentucky,9,75,1125.00,2.739726027,1000,205.4794521,750,
6386,HUNTING,29,29,Wisconsin,673,4,1145.57,15.69269462,5727.833535,62.77077846,,
1479,HUNTING,10,22,Rhode Island,42,195,1170.00,2.739726027,1000,534.2465753,,1170
6244,HUNTING,10,22,Nebraska,33,195,1170.00,2.739726027,1000,534.2465753,,1170
5360,HUNTING,10,22,Vermont,946,4,1182.96,16.20495767,5914.809549,64.81983067,,
496,HUNTING,10,22,Colorado,97,184,1203.44,2.986489877,1090.068805,549.5141374,,
9612,HUNTING,10,22,North Dakota,62,201,1206.00,2.739726027,1000,550.6849315,,1206
2076,HUNTING,13,25,Oklahoma,75,185,1213.09,2.994177123,1092.87465,553.9227677,,
6191,HUNTING,21,33,Michigan,427,5,1216.73,13.33404449,4866.926237,66.67022243,,
7019,HUNTING,10,22,Colorado,5,203,1218.00,2.739726027,1000,556.1643836,1218,
7978,HUNTING,11,23,Arkansas,980,4,1231.09,16.86428559,6155.464239,67.45714235,,
6367,HUNTING,10,22,Montana,48,206,1236.00,2.739726027,1000,564.3835616,,1236
4794,HUNTING,15,27,South Carolina,87,26,1249.20,3.464020358,1264.367431,90.06452932,,
5402,HUNTING,10,22,New Hampshire,133,15,1264.14,6.076145335,2217.793047,91.14218002,,
1592,HUNTING,10,22,South Dakota,437,8,1286.43,11.01394875,4020.091292,88.11158997,,
1994,HUNTING,10,22,New Hampshire,80,215,1290.00,2.739726027,1000,589.0410959,,1290
7017,HUNTING,10,22,Washington,106,33,1306.75,5.42444444,1979.922221,179.0066665,,
8566,HUNTING,17,29,Maryland,45,218,1308.00,2.739726027,1000,597.260274,,1308
4257,HUNTING,29,29,Missouri,58,152,1309.11,3.932676071,1435.426766,597.7667627,,
5429,HUNTING,10,22,Connecticut,58,88,1320.00,2.739726027,1000,241.0958904,,1320
6528,HUNTING,10,22,New Jersey,3,89,1335.00,2.739726027,1000,243.8356164,890,
1650,HUNTING,29,29,Kentucky,66,146,1341.35,4.195136986,1531.225,612.4899999,,
2084,HUNTING,10,22,Washington,2,224,1344.00,2.739726027,1000,613.6986301,1344,
8189,HUNTING,10,22,Alabama,13,224,1344.00,2.739726027,1000,613.6986301,1344,
5061,HUNTING,19,31,Indiana,92,155,1360.89,4.009090814,1463.318147,621.4090762,,
8750,HUNTING,20,32,Minnesota,10,92,1380.00,2.739726027,1000,252.0547945,920,
7190,HUNTING,10,22,Tennessee,99,209,1380.97,3.017121344,1101.249291,630.5783609,,
3754,HUNTING,10,22,Oregon,836,5,1390.08,15.23370255,5560.301431,76.16851275,,
7012,HUNTING,19,31,New York,75,177,1403.14,3.619783633,1321.221026,640.7017031,,
6865,HUNTING,19,31,Indiana,27,234,1404.00,2.739726027,1000,641.0958904,,1404
587,HUNTING,10,22,North Dakota,80,94,1410.00,2.739726027,1000,257.5342466,,1410
8141,HUNTING,10,22,Nevada,66,94,1410.00,2.739726027,1000,257.5342466,,1410
2991,HUNTING,10,22,Arizona,93,89,1424.92,2.924264514,1067.356548,260.2595418,,
9961,HUNTING,32,32,Ohio,22,95,1425.00,2.739726027,1000,260.2739726,,1425
9038,HUNTING,17,29,Maryland,87,28,1432.17,3.687731278,1346.021917,103.2564758,,
9363,HUNTING,10,22,Maine,43,241,1446.00,2.739726027,1000,660.2739726,,1446
5000,HUNTING,10,22,Louisiana,912,5,1451.89,15.91108339,5807.545437,79.55541694,,
5604,HUNTING,15,27,Georgia,74,211,1476.26,3.194748459,1166.083187,674.0919248,,
7583,HUNTING,10,22,Nebraska,95,234,1514.60,2.95554096,1078.772451,691.5965847,,
6575,HUNTING,10,22,Colorado,48,101,1515.00,2.739726027,1000,276.7123288,,1515
976,HUNTING,10,22,Texas,171,16,1528.96,6.889701208,2514.740941,110.2352193,,
9644,HUNTING,15,27,South Carolina,74,88,1539.23,3.194748459,1166.083187,281.1378644,,
7804,HUNTING,10,22,Montana,74,258,1548.00,2.739726027,1000,706.8493151,,1548
3513,HUNTING,10,22,New Mexico,26,259,1554.00,2.739726027,1000,709.5890411,,1554
3671,HUNTING,21,33,Michigan,12,260,1560.00,2.739726027,1000,712.3287671,1560,
9044,HUNTING,29,29,Wisconsin,42,213,1561.07,3.346561605,1221.494986,712.8176218,,
4307,HUNTING,10,22,New Mexico,233,14,1561.65,8.04230044,2935.43966,112.5922062,,
6757,HUNTING,13,25,Oklahoma,29,105,1575.00,2.739726027,1000,287.6712329,,1575
3142,HUNTING,13,25,Oklahoma,82,230,1576.98,3.130788877,1142.73794,720.0814418,,
7432,HUNTING,19,31,New York,198,13,1586.81,8.800440972,3212.160955,114.4057326,,
6448,HUNTING,29,29,Kentucky,5,266,1596.00,2.739726027,1000,728.7671233,1596,
7782,HUNTING,19,31,Indiana,92,55,1609.65,4.009090814,1463.318147,220.4999948,,
6400,HUNTING,11,23,Arkansas,12,108,1620.00,2.739726027,1000,295.890411,1080,
8156,HUNTING,10,22,Utah,130,37,1622.55,6.007226523,2192.637681,222.2673814,,
6134,HUNTING,10,22,Arizona,411,11,1629.64,10.68127862,3898.666695,117.4940648,,
3815,HUNTING,10,22,Connecticut,80,272,1632.00,2.739726027,1000,745.2054795,,1632
2632,HUNTING,21,33,Michigan,106,18,1658.63,6.643560508,2424.899586,119.5840892,,
1693,HUNTING,19,31,New York,532,8,1684.89,14.42539305,5265.268464,115.4031444,,
5293,HUNTING,21,33,Michigan,27,114,1710.00,2.739726027,1000,312.3287671,,1710
6354,HUNTING,29,29,Kansas,19,286,1716.00,2.739726027,1000,783.5616438,1716,
6368,HUNTING,20,32,Minnesota,61,236,1731.06,3.349308065,1222.497444,790.4367034,,
7801,HUNTING,10,22,Massachusetts,71,291,1746.00,2.739726027,1000,797.260274,,1746
9869,HUNTING,29,29,Wisconsin,614,8,1750.72,14.98905236,5471.004113,119.9124189,,
3535,HUNTING,10,22,Utah,343,13,1759.42,9.757743387,3561.576336,126.850664,,
5806,HUNTING,19,31,New York,11,297,1782.00,2.739726027,1000,813.6986301,1782,
2987,HUNTING,10,22,Montana,97,273,1785.53,2.986489877,1090.068805,815.3117365,,
5819,HUNTING,11,23,Arkansas,15,300,1800.00,2.739726027,1000,821.9178082,1800,
9080,HUNTING,19,31,Indiana,15,300,1800.00,2.739726027,1000,821.9178082,1800,
276,HUNTING,11,23,West Virginia,149,125,1800.12,6.575791651,2400.163953,821.9739564,,
2015,HUNTING,10,22,Montana,103,62,1815.08,5.347132489,1951.703359,331.5222143,,
9120,HUNTING,32,32,Ohio,29,284,1816.82,2.921118452,1066.208235,829.5976402,,
5433,HUNTING,10,22,Massachusetts,141,40,1826.82,6.256218224,2283.519652,250.248729,,
333,HUNTING,16,28,Pennsylvania,85,96,1858.66,3.536263627,1290.736224,339.4813082,,
5502,HUNTING,10,22,Texas,74,313,1878.00,2.739726027,1000,857.5342466,,1878
9714,HUNTING,10,22,New Mexico,88,307,1912.49,2.844569283,1038.267788,873.2827698,,
8479,HUNTING,10,22,Tennessee,71,320,1920.00,2.739726027,1000,876.7123288,,1920
6795,HUNTING,10,22,North Dakota,191,121,1929.52,7.281469191,2657.736255,881.0577721,,
1120,HUNTING,10,22,Oregon,67,322,1932.00,2.739726027,1000,882.1917808,,1932
164,HUNTING,10,22,Colorado,44,323,1938.00,2.739726027,1000,884.9315068,,1938
6170,HUNTING,10,22,Nevada,31,324,1944.00,2.739726027,1000,887.6712329,,1944
2783,HUNTING,10,22,Connecticut,86,318,1958.37,2.812058852,1026.401481,894.2347149,,
1392,HUNTING,10,22,New Hampshire,21,328,1968.00,2.739726027,1000,898.630137,,1968
8038,HUNTING,10,22,Vermont,171,131,1976.59,6.889701208,2514.740941,902.5508583,,
3650,HUNTING,10,22,Idaho,675,10,1998.51,13.68844827,4996.283619,136.8844827,,
3924,HUNTING,29,29,Illinois,39,283,1998.65,3.224827453,1177.06202,912.6261693,,
9675,HUNTING,10,22,Tennessee,66,334,2004.00,2.739726027,1000,915.0684932,,2004
3522,HUNTING,10,22,Colorado,95,310,2006.52,2.95554096,1078.772451,916.2176977,,
1774,HUNTING,10,22,Tennessee,447,13,2008.52,11.13925367,4065.827591,144.8102978,,
7602,HUNTING,29,29,Missouri,36,308,2089.87,3.098313999,1130.884609,954.2807116,,
4197,HUNTING,10,22,Texas,62,350,2100.00,2.739726027,1000,958.9041096,,2100
2940,HUNTING,29,29,Kentucky,897,8,2116.07,18.11699701,6612.70391,144.9359761,,
5844,HUNTING,10,22,Wyoming,164,43,2117.95,6.747210456,2462.731816,290.1300496,,
160,HUNTING,10,22,Connecticut,118,169,2118.24,5.723258162,2088.989229,967.2306294,,
3459,HUNTING,10,22,Vermont,199,133,2164.83,7.432396513,2712.824727,988.5087362,,
8683,HUNTING,10,22,South Dakota,219,127,2168.56,7.796943553,2845.884397,990.2118312,,
8931,HUNTING,10,22,Mississippi,206,132,2186.02,7.561987286,2760.125359,998.1823218,,
3429,HUNTING,10,22,New Hampshire,109,182,2192.46,5.500669879,2007.744506,1001.121918,,
3011,HUNTING,10,22,South Dakota,125,171,2205.96,5.890570243,2150.058139,1007.287512,,
1972,HUNTING,10,22,South Dakota,327,32,2225.61,9.527439705,3477.515492,304.8780706,,
8386,HUNTING,10,22,Wyoming,259,19,2234.51,8.47914798,3094.889013,161.1038116,,
9239,HUNTING,29,29,Kentucky,587,11,2236.03,14.65578353,5349.36099,161.2136189,,
5475,HUNTING,10,22,Utah,861,10,2257.13,15.45980132,5642.827483,154.5980132,,
7129,HUNTING,10,22,Idaho,120,179,2262.51,5.771556556,2106.618143,1033.108624,,
3453,HUNTING,10,22,Louisiana,240,38,2264.20,8.162213557,2979.207948,310.1641152,,
4358,HUNTING,10,22,Texas,92,358,2280.32,2.90850017,1061.602562,1041.243061,,
379,HUNTING,19,31,New York,164,131,2297.78,8.009285285,2923.389129,1049.216372,,
8011,HUNTING,16,28,Virginia,130,62,2300.47,6.777065515,2473.628913,420.178062,,
5131,HUNTING,12,24,North Carolina,94,329,2320.44,3.220547654,1175.499894,1059.560178,,
8206,HUNTING,10,22,Nebraska,208,42,2329.73,7.598607294,2773.491662,319.1415063,,
4549,HUNTING,19,31,New York,143,143,2342.18,7.478936708,2729.811898,1069.487949,,
6910,HUNTING,29,29,Kansas,41,324,2346.15,3.306481577,1206.865775,1071.300031,,
8775,HUNTING,21,33,Michigan,51,344,2364.14,3.138122663,1145.414772,1079.514196,,
4354,HUNTING,12,24,North Carolina,266,19,2365.20,8.975061464,3275.897434,170.5261678,,
1809,HUNTING,32,32,Ohio,114,160,2377.29,6.784508753,2476.345695,1085.5214,,
7726,HUNTING,12,24,North Carolina,112,56,2380.76,5.823788902,2125.682949,326.1321785,,
4515,HUNTING,10,22,California,133,179,2381.91,6.076145335,2217.793047,1087.630015,,
1865,HUNTING,10,22,Massachusetts,640,13,2403.32,13.32883892,4865.026208,173.274906,,
9774,HUNTING,13,25,Oklahoma,78,362,2420.73,3.053473515,1114.517833,1105.357412,,
6318,HUNTING,10,22,Oregon,169,49,2449.99,6.849292055,2499.9916,335.6153107,,
1072,HUNTING,15,27,Georgia,155,155,2466.69,7.266724971,2652.354614,1126.34237,,
4411,HUNTING,29,29,Wisconsin,180,139,2470.50,8.115704839,2962.232266,1128.082973,,
1926,HUNTING,11,23,Arkansas,310,36,2492.65,9.484965536,3462.012421,341.4587593,,
5432,HUNTING,10,22,Massachusetts,690,13,2495.44,13.83970643,5051.492849,179.9161837,,
947,HUNTING,17,29,Maryland,155,152,2506.94,7.531055364,2748.835208,1144.720415,,
3982,HUNTING,10,22,Louisiana,328,121,2528.53,9.541996535,3482.828735,1154.581581,,
9136,HUNTING,29,29,Missouri,80,251,2538.85,4.618693811,1685.823241,1159.292147,,
1697,HUNTING,10,22,Massachusetts,199,47,2550.06,7.432396513,2712.824727,349.3226361,,
2908,HUNTING,10,22,Florida,150,181,2557.82,6.452796397,2355.270685,1167.956148,,
517,HUNTING,20,32,Minnesota,96,279,2567.29,4.20170729,1533.623161,1172.276334,,
2066,HUNTING,10,22,Alaska,159,53,2570.39,6.643560508,2424.899586,352.1087069,,
5722,HUNTING,20,32,Minnesota,94,113,2572.27,4.157709143,1517.563837,469.8211332,,
6873,HUNTING,10,22,Rhode Island,267,137,2582.99,8.609104181,3142.323026,1179.447273,,
9830,HUNTING,11,23,Arkansas,280,131,2586.12,9.01433982,3290.234034,1180.878516,,
6714,HUNTING,29,29,Kentucky,162,155,2613.50,7.699233633,2810.220276,1193.381213,,
6369,HUNTING,10,22,South Dakota,165,181,2682.67,6.767749957,2470.228734,1224.962742,,
4221,HUNTING,10,22,Arizona,130,205,2696.94,6.007226523,2192.637681,1231.481437,,
8852,HUNTING,10,22,Texas,248,151,2743.78,8.297135319,3028.454391,1252.867433,,
7212,HUNTING,29,29,Illinois,78,111,2771.59,4.560594721,1664.617073,506.226014,,
9390,HUNTING,10,22,Vermont,228,64,2787.62,7.955541694,2903.772718,509.1546684,,
8822,HUNTING,10,22,Texas,651,15,2796.79,13.44289563,4906.656907,201.6434345,,
2617,HUNTING,10,22,Tennessee,139,206,2802.34,6.211689414,2267.266636,1279.608019,,
3337,HUNTING,10,22,New Jersey,413,36,2813.86,10.70723559,3908.14099,385.4604812,,
9769,HUNTING,10,22,Vermont,458,18,2815.04,11.27548085,4115.55051,202.9586553,,
2475,HUNTING,32,32,Ohio,846,11,2819.81,18.4820935,6745.964127,203.3030285,,
1625,HUNTING,10,22,Oregon,371,127,2822.52,10.1482063,3704.095301,1288.822201,,
5772,HUNTING,10,22,Wyoming,310,139,2823.85,9.276479295,3385.914943,1289.430622,,
1771,HUNTING,10,22,Massachusetts,229,65,2837.38,7.97296897,2910.133674,518.242983,,
9227,HUNTING,10,22,Utah,591,16,2842.45,12.80843513,4675.078823,204.9349621,,
477,HUNTING,10,22,Delaware,371,128,2844.75,10.1482063,3704.095301,1298.970407,,
7069,HUNTING,10,22,Hawaii,265,24,2855.05,8.576799736,3130.531904,205.8431937,,
1820,HUNTING,10,22,Alabama,213,51,2862.76,7.689394353,2806.628939,392.159112,,
5257,HUNTING,10,22,Delaware,332,41,2873.28,9.600003128,3504.001142,393.6001282,,
2564,HUNTING,32,32,Ohio,962,10,2877.44,19.70849754,7193.601601,197.0849754,,
227,HUNTING,15,27,South Carolina,190,49,2877.85,8.045437674,2936.584751,394.226446,,
8679,HUNTING,32,32,Ohio,199,147,2885.72,8.963807464,3271.789724,1317.679697,,
2314,HUNTING,10,22,California,264,154,2887.15,8.5606018,3124.619657,1318.332677,,
3446,HUNTING,10,22,Arizona,551,32,2889.02,12.36739216,4514.098138,395.7565491,,
2280,HUNTING,10,22,Idaho,293,147,2903.34,9.018538069,3291.766395,1325.725096,,
9319,HUNTING,13,25,Oklahoma,210,163,2905.38,8.138992419,2970.732233,1326.655764,,
1906,HUNTING,13,25,Oklahoma,226,158,2921.57,8.44335824,3081.825758,1334.050602,,
5217,HUNTING,10,22,North Dakota,305,23,2935.33,9.201364866,3358.498176,211.6313919,,
2752,HUNTING,20,32,Minnesota,154,27,2953.02,7.885447449,2878.188319,212.9070811,,
2636,HUNTING,10,22,Florida,567,17,2958.14,12.54567007,4579.169575,213.2763912,,
5783,HUNTING,15,27,South Carolina,173,176,2959.05,7.677077519,2802.133294,1351.165643,,
7632,HUNTING,10,22,Rhode Island,355,137,2978.39,9.926965424,3623.34238,1359.994263,,
1079,HUNTING,10,22,Hawaii,253,65,2982.36,8.380358418,3058.830822,544.7232971,,
9271,HUNTING,10,22,Utah,406,129,2999.16,10.61610852,3874.879611,1369.478,,
9262,HUNTING,10,22,Arizona,156,209,3012.00,6.58058695,2401.914237,1375.342672,,
9575,HUNTING,10,22,North Dakota,459,122,3015.87,11.28778361,4120.041019,1377.109601,,
2081,HUNTING,10,22,Tennessee,382,134,3021.92,10.29755248,3758.606657,1379.872033,,
3198,HUNTING,10,22,Massachusetts,248,67,3043.60,8.297135319,3028.454391,555.9080663,,
6978,HUNTING,10,22,Tennessee,448,125,3052.78,11.15170673,4070.372956,1393.963341,,
1395,HUNTING,10,22,Nevada,242,171,3069.38,8.196152222,2991.595561,1401.54203,,
5856,HUNTING,10,22,Nevada,122,97,3090.57,5.819454112,2124.100751,564.4870489,,
5531,HUNTING,29,29,Kentucky,91,115,3101.54,4.926005303,1797.991935,566.4906098,,
902,HUNTING,21,33,Michigan,128,194,3101.69,7.300505744,2664.684597,1416.298114,,
6482,HUNTING,10,22,Maine,921,14,3104.82,15.98939928,5836.130739,223.85159,,
1984,HUNTING,10,22,Wyoming,443,128,3108.55,11.08930161,4047.595088,1419.430606,,
4438,HUNTING,17,29,Maryland,245,150,3110.34,9.468322313,3455.937644,1420.248347,,
4686,HUNTING,10,22,Alabama,102,267,3111.41,5.321112225,1942.205962,1420.736964,,
850,HUNTING,10,22,Alaska,156,216,3112.88,6.58058695,2401.914237,1421.406781,,
1496,HUNTING,10,22,South Dakota,203,191,3139.99,7.506722327,2739.953649,1433.783964,,
2028,HUNTING,29,29,Kansas,264,146,3142.60,9.828606652,3587.441428,1434.976571,,
5201,HUNTING,17,29,Maryland,211,164,3155.87,8.786809661,3207.185526,1441.036784,,
5107,HUNTING,10,22,California,106,266,3159.96,5.42444444,1979.922221,1442.902221,,
5435,HUNTING,10,22,Massachusetts,183,203,3168.60,7.127346578,2601.481501,1446.851355,,
1593,HUNTING,10,22,North Dakota,273,50,3177.43,8.705298275,3177.43387,435.2649137,,
4220,HUNTING,10,22,South Dakota,629,33,3183.20,13.21379776,4823.036181,436.0553259,,
3583,HUNTING,10,22,Florida,845,15,3186.39,15.31548263,5590.151161,229.7322395,,
1179,HUNTING,10,22,South Dakota,109,266,3204.36,5.500669879,2007.744506,1463.178188,,
7681,HUNTING,10,22,Connecticut,106,271,3219.35,5.42444444,1979.922221,1470.024443,,
2514,HUNTING,35,35,Iowa,477,16,3220.93,14.51390259,5297.574445,232.2224414,,
6486,HUNTING,10,22,Idaho,126,249,3225.01,5.914085587,2158.641239,1472.607311,,
6499,HUNTING,10,22,Montana,509,124,3227.95,11.88669786,4338.644719,1473.950535,,
1007,HUNTING,10,22,Montana,210,78,3260.55,7.635051662,2786.793857,595.5340297,,
8026,HUNTING,10,22,Colorado,261,175,3262.16,8.511823045,3106.815411,1489.569033,,
8129,HUNTING,17,29,Maryland,210,51,3263.57,8.765963108,3199.576534,447.0641185,,
7800,HUNTING,10,22,New Mexico,530,123,3267.30,12.12942651,4427.240676,1491.919461,,
9041,HUNTING,11,23,West Virginia,594,18,3277.91,13.12949834,4792.266896,236.3309702,,
93,HUNTING,10,22,Alaska,350,24,3281.13,9.856809312,3597.735399,236.5634235,,
9669,HUNTING,15,27,Georgia,515,34,3287.59,13.24574802,4834.698026,450.3554325,,
9277,HUNTING,10,22,Colorado,150,234,3306.80,6.452796397,2355.270685,1509.954357,,
9653,HUNTING,10,22,Florida,389,23,3314.98,10.39147347,3792.887818,239.0038899,,
9610,HUNTING,29,29,Wisconsin,410,124,3326.20,12.24847216,4470.69234,1518.810548,,
2597,HUNTING,10,22,Idaho,171,221,3334.55,6.889701208,2514.740941,1522.623967,,
2696,HUNTING,10,22,Vermont,225,193,3340.37,7.903029294,2884.605692,1525.284654,,
4881,HUNTING,16,28,Virginia,287,153,3374.01,10.06957072,3675.393312,1540.64432,,
1589,HUNTING,11,23,West Virginia,388,23,3385.13,10.61135327,3873.143943,244.0611251,,
769,HUNTING,10,22,Nevada,210,81,3385.95,7.635051662,2786.793857,618.4391846,,
865,HUNTING,10,22,Texas,210,81,3385.95,7.635051662,2786.793857,618.4391846,,
6917,HUNTING,10,22,Maine,222,79,3395.39,7.850165628,2865.310454,620.1630846,,
9065,HUNTING,10,22,South Dakota,725,33,3417.50,14.18637174,5178.025686,468.1502675,,
4783,HUNTING,10,22,Alaska,257,74,3422.04,8.44634651,3082.916476,625.0296418,,
4762,HUNTING,10,22,Arizona,133,103,3426.49,6.076145335,2217.793047,625.8429695,,
8204,HUNTING,10,22,Maine,421,145,3432.86,10.81044025,3945.81069,1567.513836,,
5272,HUNTING,10,22,Florida,620,36,3447.65,13.11892283,4788.406833,472.2812219,,
209,HUNTING,29,29,Missouri,222,70,3454.21,9.012939969,3289.723089,630.9057978,,
7906,HUNTING,10,22,Rhode Island,463,22,3459.33,11.33686117,4137.954326,249.4109456,,
3288,HUNTING,10,22,South Dakota,119,110,3461.41,5.747458093,2097.822204,632.2203903,,
3742,HUNTING,20,32,Minnesota,185,183,3463.75,8.642747907,3154.602986,1581.622867,,
8974,HUNTING,17,29,Maryland,245,67,3473.22,9.468322313,3455.937644,634.3775949,,
3723,HUNTING,10,22,California,335,66,3484.60,9.643279094,3519.796869,636.4564202,,
1104,HUNTING,10,22,Massachusetts,890,16,3488.14,15.71800187,5737.070681,251.4880299,,
2335,HUNTING,10,22,Colorado,237,197,3499.35,8.1110393,2960.529345,1597.874742,,
4242,HUNTING,10,22,Nebraska,269,185,3501.02,8.64128786,3154.070069,1598.638254,,
3055,HUNTING,10,22,Texas,352,162,3506.98,9.884931507,3608,1601.358904,,
5427,HUNTING,10,22,Arizona,345,164,3514.79,9.78615027,3571.944848,1604.928644,,
7081,HUNTING,10,22,Hawaii,109,117,3523.59,5.500669879,2007.744506,643.5783758,,
7421,HUNTING,10,22,California,299,53,3524.82,9.110410098,3325.299686,482.8517352,,
8590,HUNTING,11,23,West Virginia,660,35,3536.04,13.83970643,5051.492849,484.3897252,,
6348,HUNTING,17,29,Maryland,348,144,3558.66,11.28442964,4118.81682,1624.957869,,
9871,HUNTING,11,23,Arkansas,517,21,3567.76,12.24898723,4470.880338,257.2287318,,
321,HUNTING,10,22,Texas,332,51,3574.08,9.600003128,3504.001142,489.6001595,,
1418,HUNTING,10,22,Utah,354,26,3574.82,9.912973922,3618.235482,257.737322,,
3791,HUNTING,10,22,Wyoming,390,157,3577.49,10.40482155,3797.759866,1633.556983,,
4092,HUNTING,19,31,Indiana,387,133,3583.63,12.3034617,4490.763521,1636.360406,,
4519,HUNTING,11,23,West Virginia,251,192,3588.70,8.534768998,3115.190684,1638.675648,,
8505,HUNTING,29,29,Missouri,234,28,3593.62,9.253327215,3377.464434,259.093162,,
7887,HUNTING,10,22,Arizona,248,198,3597.80,8.297135319,3028.454391,1642.832793,,
5005,HUNTING,10,22,Alabama,868,32,3626.06,15.52251883,5665.719372,496.7206025,,
7160,HUNTING,29,29,Wisconsin,238,71,3627.61,9.332080356,3406.20933,662.5777053,,
7959,HUNTING,10,22,Vermont,387,48,3631.80,10.36472575,3783.124899,497.506836,,
5179,HUNTING,29,29,Kentucky,369,143,3639.01,11.61992097,4241.271154,1661.648699,,
4971,HUNTING,10,22,Oregon,406,47,3642.39,10.61610852,3874.879611,498.9571006,,
3609,HUNTING,10,22,Louisiana,776,34,3642.80,14.67686141,5357.054415,499.0132879,,
6971,HUNTING,11,23,West Virginia,538,40,3648.62,12.4952816,4560.777785,499.8112641,,
8831,HUNTING,19,31,Indiana,402,21,3652.42,12.53963414,4576.966463,263.332317,,
1998,HUNTING,29,29,Kentucky,657,17,3655.93,15.50503232,5659.336799,263.5855495,,
5342,HUNTING,10,22,Wyoming,519,22,3662.56,12.00289513,4381.056722,264.0636928,,
2496,HUNTING,10,22,Tennessee,434,153,3677.75,10.97607832,4006.268588,1679.339984,,
3323,HUNTING,32,32,Ohio,242,68,3680.16,9.884931507,3608,672.1753425,,
7488,HUNTING,10,22,Delaware,159,253,3681.00,6.643560508,2424.899586,1680.820809,,
4880,HUNTING,10,22,Louisiana,606,130,3692.55,12.96996024,4734.035488,1686.094831,,
5663,HUNTING,29,29,Wisconsin,282,166,3692.89,10.15814822,3707.7241,1686.252604,,
1988,HUNTING,15,27,South Carolina,240,188,3722.89,9.042291328,3300.436335,1699.95077,,
9220,HUNTING,13,25,Oklahoma,249,193,3745.95,8.862590238,3234.845437,1710.479916,,
866,HUNTING,10,22,Washington,432,47,3757.21,10.95075862,3997.026895,514.685655,,
9496,HUNTING,10,22,Delaware,149,267,3760.55,6.431251107,2347.406654,1717.144046,,
7299,HUNTING,10,22,New Jersey,351,174,3761.40,9.870880424,3602.871355,1717.533194,,
295,HUNTING,10,22,Vermont,146,271,3778.26,6.366177753,2323.65488,1725.234171,,
9131,HUNTING,29,29,Missouri,141,241,3791.06,7.18289549,2621.756854,1731.077813,,
3783,HUNTING,10,22,North Dakota,290,193,3792.30,8.972249287,3274.87099,1731.644112,,
5911,HUNTING,10,22,Arizona,738,121,3792.80,14.3129948,5224.243103,1731.872371,,
6172,HUNTING,10,22,Nebraska,202,232,3804.61,7.488210036,2733.196663,1737.264728,,
1014,HUNTING,10,22,Arizona,719,123,3805.54,14.12754756,5156.554858,1737.688349,,
7938,HUNTING,21,33,Michigan,472,124,3807.02,14.01906216,5116.95769,1738.363708,,
217,HUNTING,10,22,New Mexico,363,52,3810.50,10.0381954,3663.94132,521.9861607,,
4414,HUNTING,10,22,Montana,214,226,3814.71,7.707423438,2813.209555,1741.877697,,
3283,HUNTING,10,22,North Dakota,628,132,3816.81,13.20328976,4819.200764,1742.834249,,
3889,HUNTING,10,22,Hawaii,134,286,3820.01,6.09894521,2226.115002,1744.29833,,
109,HUNTING,16,28,Virginia,758,32,3822.76,16.36457047,5973.068223,523.6662552,,
3270,HUNTING,10,22,Montana,858,34,3830.43,15.43284437,5632.988195,524.7167085,,
7223,HUNTING,10,22,Colorado,673,128,3831.46,13.66815404,4988.876226,1749.523718,,
4882,HUNTING,10,22,Rhode Island,571,139,3832.47,12.5898451,4595.293462,1749.988469,,
7410,HUNTING,10,22,Idaho,137,284,3835.53,6.166839085,2250.896266,1751.3823,,
8670,HUNTING,10,22,Colorado,141,281,3850.01,6.256218224,2283.519652,1757.997321,,
662,HUNTING,10,22,Mississippi,228,221,3850.40,7.955541694,2903.772718,1758.174714,,
8067,HUNTING,29,29,Kentucky,731,17,3856.33,16.35492962,5969.549313,278.0338036,,
5136,HUNTING,19,31,Indiana,180,84,3858.97,8.390891236,3062.675301,704.8348638,,
1711,HUNTING,10,22,Utah,134,289,3860.08,6.09894521,2226.115002,1762.595166,,
8309,HUNTING,29,29,Wisconsin,356,62,3874.28,11.41339874,4165.890541,707.630722,,
2343,HUNTING,10,22,Montana,722,125,3875.48,14.1569902,5167.301423,1769.623775,,
8027,HUNTING,10,22,Maine,577,140,3880.27,12.65581854,4619.373767,1771.814596,,
8308,HUNTING,10,22,Idaho,603,137,3881.73,12.93781655,4722.30304,1772.480867,,
2862,HUNTING,10,22,Hawaii,136,289,3888.78,6.144291152,2242.66627,1775.700143,,
8435,HUNTING,11,23,West Virginia,484,150,3893.26,11.85161653,4325.840034,1777.74248,,
2170,HUNTING,21,33,Michigan,967,14,3896.42,20.06601808,7324.0966,280.9242531,,
5537,HUNTING,10,22,New Mexico,247,86,3898.82,8.280390326,3022.342469,712.113568,,
5367,HUNTING,10,22,Montana,103,333,3899.50,5.347132489,1951.703359,1780.595119,,
8951,HUNTING,17,29,Maryland,505,131,3899.88,13.59363737,4961.67764,1780.766495,,
4235,HUNTING,20,32,Minnesota,263,52,3911.74,10.30490176,3761.289141,535.8548913,,
7142,HUNTING,10,22,Tennessee,143,284,3918.62,6.30043233,2299.657801,1789.322782,,
3336,HUNTING,10,22,Massachusetts,275,205,3922.53,8.737127625,3189.051583,1791.111163,,
8680,HUNTING,15,27,South Carolina,884,31,3927.20,17.35397657,6334.201449,537.9732738,,
2384,HUNTING,10,22,Nevada,253,214,3927.54,8.380358418,3058.830822,1793.396701,,
6620,HUNTING,11,23,West Virginia,523,146,3939.15,12.31985949,4496.748714,1798.699486,,
981,HUNTING,19,31,Indiana,288,51,3951.49,10.61373116,3874.011874,541.3002892,,
9378,HUNTING,16,28,Virginia,763,33,3955.21,16.41845462,5992.735936,541.8090024,,
5921,HUNTING,15,27,South Carolina,451,146,3963.31,12.3954171,4524.327243,1809.730897,,
5657,HUNTING,10,22,Arizona,447,65,3964.18,11.13925367,4065.827591,724.0514888,,
2389,HUNTING,16,28,Pennsylvania,382,156,3968.90,11.61720597,4240.280179,1812.284131,,
740,HUNTING,10,22,Oregon,551,44,3972.41,12.36739216,4514.098138,544.165255,,
3200,HUNTING,10,22,North Dakota,694,131,3981.97,13.87976356,5066.113698,1818.249026,,
8201,HUNTING,10,22,Vermont,212,238,3998.45,7.671322896,2800.032857,1825.774849,,
2424,HUNTING,15,27,South Carolina,284,186,4006.72,9.836306306,3590.251802,1829.552973,,
4874,HUNTING,10,22,Delaware,172,265,4010.11,6.909817167,2522.083266,1831.101549,,
4473,HUNTING,20,32,Minnesota,688,33,4015.11,16.66710612,6083.493733,550.0145019,,
4019,HUNTING,12,24,North Carolina,308,30,4018.55,9.657661322,3525.046383,289.7298397,,
4858,HUNTING,10,22,Idaho,250,221,4031.89,8.330524328,3040.64138,1841.045876,,
5135,HUNTING,10,22,California,377,54,4032.64,10.22993815,3733.927423,552.4166598,,
5074,HUNTING,11,23,West Virginia,598,42,4039.04,13.17363124,4808.375401,553.2925119,,
6491,HUNTING,32,32,Ohio,729,17,4045.34,17.15654152,6262.137654,291.6612058,,
9840,HUNTING,35,35,Iowa,89,346,4055.31,5.351853361,1953.426477,1851.741263,,
1292,HUNTING,16,28,Virginia,350,50,4058.79,11.11998061,4058.792924,555.9990307,,
8795,HUNTING,10,22,North Dakota,599,144,4066.51,12.89483365,4706.614282,1856.856046,,
4969,HUNTING,17,29,Maryland,384,47,4067.02,11.85374563,4326.617154,557.1260445,,
9119,HUNTING,10,22,Louisiana,706,21,4077.56,13.99924723,5109.725237,293.9841917,,
2379,HUNTING,10,22,California,423,172,4081.74,10.83608783,3955.172057,1863.807106,,
2640,HUNTING,10,22,Oregon,621,142,4083.01,13.12949834,4792.266896,1864.388765,,
5361,HUNTING,10,22,Connecticut,262,219,4090.17,8.52811363,3112.761475,1867.656885,,
5261,HUNTING,29,29,Kansas,788,33,4090.63,16.98060267,6197.919974,560.359888,,
3473,HUNTING,10,22,Delaware,491,64,4090.79,11.67462874,4261.239491,747.1762395,,
3155,HUNTING,10,22,Idaho,215,242,4094.31,7.725410449,2819.774814,1869.549329,,
3241,HUNTING,29,29,Wisconsin,174,94,4106.55,7.979296724,2912.443304,750.053892,,
3840,HUNTING,11,23,Arkansas,891,35,4108.51,16.08028576,5869.304303,562.8100016,,
8980,HUNTING,10,22,New Mexico,232,234,4112.50,8.025023727,2929.13366,1877.855552,,
4271,HUNTING,10,22,Delaware,188,104,4113.38,7.224058551,2636.781371,751.3020894,,
7908,HUNTING,17,29,Maryland,498,22,4119.11,13.49909528,4927.169776,296.9800961,,
7330,HUNTING,10,22,Florida,257,223,4124.94,8.44634651,3082.916476,1883.535272,,
1219,HUNTING,11,23,Arkansas,568,147,4133.24,12.83893731,4686.212116,1887.323784,,
7338,HUNTING,10,22,Rhode Island,426,174,4143.82,10.87444578,3969.17271,1892.153566,,
9903,HUNTING,10,22,Alabama,191,104,4146.07,7.281469191,2657.736255,757.2727959,,
1197,HUNTING,10,22,Oregon,125,322,4153.91,5.890570243,2150.058139,1896.763618,,
7477,HUNTING,17,29,Maryland,865,32,4155.96,17.79090518,6493.680389,569.3089656,,
2111,HUNTING,10,22,Rhode Island,756,131,4156.03,14.48649198,5287.569574,1897.73045,,
8946,HUNTING,29,29,Wisconsin,231,207,4167.83,9.193819671,3355.74418,1903.120672,,
488,HUNTING,10,22,Connecticut,275,218,4171.28,8.737127625,3189.051583,1904.693822,,
5982,HUNTING,10,22,Hawaii,505,161,4174.63,11.83989966,4321.563375,1906.223845,,
5133,HUNTING,10,22,Alabama,434,174,4182.54,10.97607832,4006.268588,1909.837628,,
97,HUNTING,10,22,Alaska,966,35,4183.90,16.37536149,5977.006943,573.1376521,,
2970,HUNTING,32,32,Ohio,750,33,4192.12,17.40189777,6351.692688,574.2626266,,
9922,HUNTING,19,31,New York,689,35,4194.42,16.41653323,5992.034629,574.5786631,,
1491,HUNTING,10,22,Connecticut,130,319,4196.71,6.007226523,2192.637681,1916.305261,,
3500,HUNTING,10,22,Idaho,242,234,4200.20,8.196152222,2991.595561,1917.89962,,
8986,HUNTING,10,22,Florida,198,259,4205.12,7.41369863,2706,1920.147945,,
693,HUNTING,10,22,Massachusetts,323,203,4209.63,9.468988603,3456.18084,1922.204686,,
6520,HUNTING,10,22,Utah,792,39,4221.36,14.82739726,5412,578.2684932,,
6426,HUNTING,10,22,Massachusetts,392,74,4226.31,10.43146646,3807.485259,771.9285183,,
8736,HUNTING,15,27,South Carolina,226,220,4227.60,8.774595275,3202.727275,1930.41096,,
1721,HUNTING,10,22,Connecticut,132,319,4228.87,6.053259584,2209.439748,1930.989807,,
9877,HUNTING,10,22,Hawaii,333,201,4232.18,9.614450093,3509.274284,1932.504469,,
2926,HUNTING,10,22,Florida,259,228,4233.81,8.47914798,3094.889013,1933.245739,,
413,HUNTING,29,29,Illinois,597,131,4240.26,14.78009266,5394.733821,1936.192139,,
3961,HUNTING,29,29,Wisconsin,145,266,4243.26,7.284068014,2658.684825,1937.562092,,
3707,HUNTING,10,22,Utah,300,85,4246.84,9.125632181,3330.855746,775.6787353,,
2832,HUNTING,10,22,Oregon,627,147,4247.15,13.1927734,4815.362292,1939.33769,,
5792,HUNTING,10,22,Nebraska,224,246,4248.21,7.885447449,2878.188319,1939.820073,,
5740,HUNTING,10,22,Colorado,159,292,4248.42,6.643560508,2424.899586,1939.919668,,
3580,HUNTING,10,22,Florida,724,137,4253.40,14.17658466,5174.453401,1942.192098,,
6918,HUNTING,15,27,Georgia,121,303,4260.42,6.42045135,2343.464743,1945.396759,,
4188,HUNTING,21,33,Michigan,308,172,4265.75,11.32461172,4133.483277,1947.833215,,
6948,HUNTING,10,22,Alaska,809,39,4266.42,14.98568479,5469.77495,584.441707,,
2649,HUNTING,29,29,Wisconsin,188,235,4268.56,8.294093289,3027.34405,1949.111923,,
3851,HUNTING,10,22,Texas,670,143,4270.90,13.63765608,4977.744469,1950.184819,,
5942,HUNTING,29,29,Kentucky,636,128,4276.34,15.2552226,5568.156248,1952.668492,,
3772,HUNTING,10,22,Texas,375,192,4290.06,10.20276695,3724.009936,1958.931254,,
9608,HUNTING,10,22,Oregon,535,161,4296.84,12.18650648,4448.074864,1962.027543,,
8010,HUNTING,29,29,Missouri,114,304,4299.92,6.458659912,2357.410868,1963.432613,,
2785,HUNTING,10,22,South Dakota,296,217,4307.77,9.064590478,3308.575524,1967.016134,,
4458,HUNTING,10,22,Oregon,388,30,4318.33,10.37810823,3788.009504,311.3432469,,
7041,HUNTING,10,22,Connecticut,120,342,4322.78,5.771556556,2106.618143,1973.872342,,
5110,HUNTING,32,32,Ohio,269,76,4336.50,10.42178529,3803.95163,792.0556818,,
5057,HUNTING,20,32,Minnesota,841,17,4345.00,18.42739645,6725.999703,313.2657396,,
8366,HUNTING,10,22,Louisiana,828,131,4349.44,15.16063881,5533.633165,1986.043684,,
9438,HUNTING,10,22,Idaho,339,205,4355.12,9.700680071,3540.748226,1988.639415,,
5778,HUNTING,10,22,Arizona,967,122,4377.43,16.38383516,5980.099832,1998.827889,,
8299,HUNTING,15,27,Georgia,111,326,4390.32,6.149422942,2244.539374,2004.711879,,
9477,HUNTING,10,22,Vermont,476,175,4405.43,11.49491619,4195.644408,2011.610333,,
4444,HUNTING,10,22,Montana,680,44,4412.98,13.73905269,5014.754231,604.5183183,,
4111,HUNTING,10,22,Arizona,214,262,4422.37,7.707423438,2813.209555,2019.344941,,
5132,HUNTING,10,22,Utah,440,55,4437.25,11.0516894,4033.866631,607.8429171,,
548,HUNTING,11,23,West Virginia,527,164,4441.69,12.36688203,4513.91194,2028.168652,,
7284,HUNTING,16,28,Virginia,267,209,4445.45,9.712379388,3545.018477,2029.887292,,
1558,HUNTING,13,25,Oklahoma,447,27,4446.88,11.87448431,4334.186775,320.6110765,,
5142,HUNTING,10,22,Massachusetts,748,141,4449.55,14.40964003,5259.518609,2031.759244,,
3401,HUNTING,10,22,Maine,323,215,4458.47,9.468988603,3456.18084,2035.83255,,
288,HUNTING,10,22,Nebraska,370,201,4461.11,10.13452025,3699.099891,2037.03857,,
5520,HUNTING,10,22,Nevada,483,176,4463.06,11.57912915,4226.382141,2037.926731,,
1047,HUNTING,10,22,Utah,162,304,4464.55,6.705942727,2447.669095,2038.606589,,
5070,HUNTING,10,22,New Jersey,117,358,4468.10,5.69895547,2080.118747,2040.226058,,
6728,HUNTING,11,23,West Virginia,282,226,4477.46,9.046476606,3301.963961,2044.503713,,
8398,HUNTING,10,22,Texas,155,312,4481.95,6.559461415,2394.203417,2046.551962,,
1258,HUNTING,29,29,Kentucky,796,36,4485.10,17.06658095,6229.302048,614.3969143,,
7920,HUNTING,10,22,New Hampshire,898,39,4494.98,15.78848653,5762.797585,615.7509748,,
6881,HUNTING,10,22,Idaho,170,299,4498.23,6.869526344,2507.377116,2053.988377,,
5072,HUNTING,13,25,Oklahoma,153,296,4503.42,6.947150575,2535.70996,2056.35657,,
1180,HUNTING,19,31,New York,240,213,4519.61,9.688966628,3536.472819,2063.749892,,
7936,HUNTING,21,33,Michigan,959,31,4522.12,19.98284252,7293.737519,619.4681181,,
9269,HUNTING,29,29,Illinois,442,163,4539.76,12.71748183,4641.880869,2072.949539,,
6712,HUNTING,29,29,Kansas,605,22,4540.11,14.87879221,5430.759155,327.3334285,,
2103,HUNTING,10,22,Louisiana,208,273,4542.98,7.598607294,2773.491662,2074.419791,,
7028,HUNTING,17,29,Maryland,753,125,4544.03,16.59921229,6058.712487,2074.901537,,
3376,HUNTING,15,27,Georgia,470,164,4544.75,12.6538244,4618.645905,2075.227201,,
9158,HUNTING,10,22,Mississippi,602,161,4557.96,12.92708422,4718.385741,2081.26056,,
3706,HUNTING,10,22,Rhode Island,301,228,4564.20,9.140828914,3336.402554,2084.108992,,
1440,HUNTING,10,22,Washington,628,25,4578.24,13.20328976,4819.200764,330.0822441,,
2355,HUNTING,10,22,Florida,159,315,4583.06,6.643560508,2424.899586,2092.72156,,
1271,HUNTING,10,22,North Dakota,487,180,4583.35,11.626977,4243.846604,2092.85586,,
4990,HUNTING,10,22,California,292,93,4584.17,9.003134918,3286.144245,837.2915474,,
6128,HUNTING,10,22,Vermont,453,56,4584.19,11.21376456,4093.024065,627.9708155,,
368,HUNTING,29,29,Illinois,246,221,4591.92,9.487625742,3462.983396,2096.765289,,
40,HUNTING,10,22,Nevada,120,364,4600.85,5.771556556,2106.618143,2100.846586,,
2477,HUNTING,10,22,New Mexico,288,94,4601.62,8.941256969,3263.558794,840.4781551,,
1296,HUNTING,10,22,Florida,323,223,4624.37,9.468988603,3456.18084,2111.584459,,
5195,HUNTING,10,22,Louisiana,820,42,4625.74,15.08722124,5506.835752,633.663292,,
9233,HUNTING,10,22,New Hampshire,502,179,4627.55,11.80467925,4308.707927,2113.037586,,
4785,HUNTING,29,29,Kansas,423,51,4631.84,12.44113993,4541.016076,634.4981366,,
8648,HUNTING,10,22,Mississippi,660,47,4644.03,13.53549991,4940.457469,636.168496,,
7567,HUNTING,10,22,Maine,128,356,4647.31,5.960837979,2175.705862,2122.058321,,
7244,HUNTING,10,22,Texas,474,74,4647.37,11.47074178,4186.820751,848.834892,,
57,HUNTING,10,22,Utah,806,142,4651.60,14.95787342,5459.623797,2124.018025,,
3984,HUNTING,10,22,New Jersey,428,78,4654.82,10.89994276,3978.479106,850.1955351,,
2326,HUNTING,10,22,Vermont,794,43,4660.19,14.84610692,5418.829025,638.3825974,,
8273,HUNTING,10,22,Alaska,354,215,4667.52,9.912973922,3618.235482,2131.289393,,
2607,HUNTING,10,22,Delaware,970,130,4671.71,16.4092299,5989.368915,2133.199888,,
5464,HUNTING,10,22,Washington,467,75,4675.26,11.38572717,4155.790418,853.929538,,
4280,HUNTING,10,22,Utah,229,268,4679.49,7.97296897,2910.133674,2136.755684,,
3985,HUNTING,12,24,North Carolina,699,147,4683.78,14.54906891,5310.410154,2138.71313,,
1588,HUNTING,10,22,Colorado,614,164,4688.94,13.05528985,4765.180794,2141.067535,,
2172,HUNTING,10,22,Tennessee,526,28,4692.77,12.0835684,4410.502466,338.3399152,,
7817,HUNTING,10,22,Washington,335,89,4698.93,9.643279094,3519.796869,858.2518393,,
4333,HUNTING,10,22,Alabama,126,363,4701.52,5.914085587,2158.641239,2146.813068,,
1557,HUNTING,13,25,Oklahoma,398,192,4711.38,11.20475933,4089.737155,2151.313791,,
3231,HUNTING,29,29,Illinois,439,68,4718.62,12.67424947,4626.101058,861.8489643,,
4207,HUNTING,11,23,Arkansas,421,78,4720.36,11.05340182,4034.491666,862.1653422,,
3250,HUNTING,10,22,Montana,715,153,4720.53,14.08819498,5142.191167,2155.493832,,
6660,HUNTING,10,22,Hawaii,491,74,4729.98,11.67462874,4261.239491,863.922527,,
6780,HUNTING,29,29,Missouri,259,89,4743.66,9.735087811,3553.307051,866.4228152,,
2336,HUNTING,10,22,California,241,265,4746.80,8.179200493,2985.40818,2167.488131,,
9947,HUNTING,10,22,Alaska,224,275,4749.01,7.885447449,2878.188319,2168.498049,,
4311,HUNTING,12,24,North Carolina,968,38,4749.42,17.1212036,6249.239314,650.6057368,,
5985,HUNTING,17,29,Maryland,587,148,4750.23,14.65578353,5349.36099,2169.055963,,
4900,HUNTING,10,22,Nevada,374,213,4752.93,10.18915418,3719.041274,2170.28984,,
9645,HUNTING,10,22,California,808,145,4755.76,14.97642007,5466.393326,2171.580911,,
2789,HUNTING,10,22,Massachusetts,235,269,4758.09,8.076742997,2948.011194,2172.643866,,
3092,HUNTING,15,27,Georgia,653,23,4758.10,14.91521318,5444.05281,343.0499031,,
2464,HUNTING,16,28,Pennsylvania,231,241,4768.01,9.033914956,3297.378959,2177.173505,,
1417,HUNTING,10,22,Idaho,325,230,4784.27,9.498259117,3466.864578,2184.599597,,
9314,HUNTING,10,22,Utah,243,266,4784.44,8.213068962,2997.770171,2184.676344,,
5290,HUNTING,19,31,New York,502,156,4787.32,14.01276045,5114.657564,2185.99063,,
8139,HUNTING,10,22,Utah,975,133,4791.82,16.45146737,6004.785592,2188.045161,,
3606,HUNTING,10,22,South Dakota,648,49,4797.43,13.41188545,4895.338191,657.1823872,,
5122,HUNTING,10,22,California,676,48,4799.98,13.69858411,4999.9832,657.5320373,,
8550,HUNTING,10,22,Vermont,221,280,4802.87,7.83246512,2858.849769,2193.090234,,
4895,HUNTING,19,31,New York,350,75,4804.53,11.70053881,4270.696664,877.5404105,,
2938,HUNTING,10,22,Oregon,176,314,4806.54,6.9897021,2551.241267,2194.766459,,
9571,HUNTING,10,22,Florida,697,158,4813.05,13.90973069,5077.051703,2197.73745,,
8801,HUNTING,19,31,New York,117,325,4814.96,6.764952788,2469.207768,2198.609656,,
2283,HUNTING,10,22,Connecticut,935,41,4821.86,16.11046731,5880.320569,660.5291599,,
8923,HUNTING,10,22,Maine,200,296,4830.07,7.451047474,2719.632328,2205.510052,,
853,HUNTING,10,22,California,476,192,4833.38,11.49491619,4195.644408,2207.023908,,
118,HUNTING,10,22,California,514,185,4839.49,11.94493779,4359.902292,2209.813491,,
8496,HUNTING,10,22,Montana,742,154,4840.26,14.35173099,5238.381811,2210.166572,,
7045,HUNTING,10,22,Maine,763,152,4844.54,14.55340454,5311.992658,2212.117491,,
1924,HUNTING,10,22,Rhode Island,563,177,4845.89,12.50133894,4562.988714,2212.736993,,
4638,HUNTING,10,22,Mississippi,774,151,4847.23,14.65793573,5350.14654,2213.348295,,
6663,HUNTING,10,22,New Mexico,489,30,4847.91,11.65082723,4252.55194,349.524817,,
5540,HUNTING,10,22,Utah,416,206,4847.97,10.74605349,3922.309524,2213.687019,,
6225,HUNTING,21,33,Michigan,433,66,4851.99,13.4273995,4901.000816,886.2083668,,
4476,HUNTING,10,22,Maine,595,69,4855.05,12.85170699,4690.873053,886.7677826,,
4956,HUNTING,10,22,Nebraska,357,223,4861.67,9.954889432,3633.534643,2219.940343,,
6377,HUNTING,10,22,Tennessee,561,178,4864.61,12.47911432,4554.876727,2221.282349,,
8262,HUNTING,10,22,Montana,639,167,4870.95,13.3184217,4861.22392,2224.176424,,
8659,HUNTING,10,22,Alabama,437,202,4872.35,11.01394875,4020.091292,2224.817647,,
4001,HUNTING,10,22,Colorado,282,101,4892.52,8.847628662,3229.384461,893.6104948,,
8334,HUNTING,10,22,Tennessee,647,167,4901.34,13.40153278,4891.559465,2238.055974,,
8570,HUNTING,10,22,Florida,848,146,4905.66,15.34264579,5600.065714,2240.026286,,
7484,HUNTING,10,22,Wyoming,322,237,4907.08,9.454319363,3450.826568,2240.673689,,
5838,HUNTING,10,22,Tennessee,327,236,4924.16,9.527439705,3477.515492,2248.47577,,
2502,HUNTING,10,22,Alaska,880,144,4928.90,15.62944904,5704.748899,2250.640662,,
8317,HUNTING,10,22,Arizona,868,145,4929.18,15.52251883,5665.719372,2250.76523,,
4829,HUNTING,10,22,Colorado,345,92,4929.28,9.78615027,3571.944848,900.3258248,,
1792,HUNTING,10,22,Idaho,311,97,4934.45,9.291429312,3391.371699,901.2686433,,
6527,HUNTING,16,28,Virginia,645,150,4958.90,15.09558213,5509.887476,2264.337319,,
3075,HUNTING,10,22,Alaska,206,300,4968.23,7.561987286,2760.125359,2268.596186,,
8073,HUNTING,10,22,Nebraska,464,80,4970.90,11.34909739,4142.420548,907.9277914,,
4540,HUNTING,29,29,Missouri,644,148,4975.52,15.35086756,5603.06666,2271.928399,,
4251,HUNTING,10,22,Nevada,217,293,4980.17,7.761259413,2832.859686,2274.049008,,
1911,HUNTING,19,31,Indiana,726,135,4982.16,16.85156149,6150.819945,2274.960802,,
4728,HUNTING,10,22,New Mexico,762,47,4990.00,14.54386445,5308.510526,683.5616293,,
4554,HUNTING,29,29,Wisconsin,354,201,5009.93,11.38129348,4154.17212,2287.639989,,
6479,HUNTING,29,29,Kansas,307,216,5013.69,10.59886057,3868.584108,2289.353883,,
9384,HUNTING,10,22,Vermont,300,251,5016.27,9.125632181,3330.855746,2290.533677,,
9087,HUNTING,10,22,Oregon,341,236,5028.47,9.729253565,3551.177551,2296.103841,,
8459,HUNTING,10,22,Delaware,222,293,5037.22,7.850165628,2865.310454,2300.098529,,
2220,HUNTING,13,25,Oklahoma,518,180,5038.98,12.78279654,4665.720737,2300.903377,,
1220,HUNTING,10,22,Texas,170,335,5039.83,6.869526344,2507.377116,2301.291325,,
8984,HUNTING,11,23,West Virginia,144,357,5054.15,6.464518108,2359.549109,2307.832965,,
2944,HUNTING,10,22,Hawaii,167,339,5054.80,6.808643078,2485.154724,2308.130004,,
224,HUNTING,10,22,Alaska,652,172,5067.56,13.45321648,4910.424014,2313.953234,,
4567,HUNTING,10,22,Washington,419,86,5077.99,10.78473167,3936.42706,927.4869238,,
6181,HUNTING,10,22,Oregon,482,201,5091.74,11.56713627,4222.004737,2324.994389,,
4797,HUNTING,19,31,New York,274,225,5101.22,10.35254485,3778.67887,2329.322591,,
6224,HUNTING,13,25,Oklahoma,878,42,5102.47,16.64210488,6074.36828,698.9684048,,
3391,HUNTING,10,22,North Dakota,679,170,5111.29,13.72894673,5011.065555,2333.920944,,
6281,HUNTING,10,22,Nebraska,330,244,5114.38,9.571043776,3493.430978,2335.334681,,
2542,HUNTING,10,22,New Jersey,450,209,5115.63,11.17657121,4079.448492,2335.903383,,
2374,HUNTING,10,22,Utah,749,162,5115.67,14.41926892,5263.033156,2335.921565,,
4397,HUNTING,10,22,North Dakota,303,102,5121.63,9.171146838,3347.468596,935.4569775,,
7344,HUNTING,10,22,Colorado,674,27,5122.39,13.67830492,4992.581296,369.3142329,,
5892,HUNTING,11,23,West Virginia,169,334,5122.58,7.00322795,2556.178202,2339.078135,,
3813,HUNTING,10,22,California,481,81,5124.41,11.55513093,4217.62279,935.9656055,,
166,HUNTING,16,28,Pennsylvania,636,47,5143.03,14.98989414,5471.31136,704.5250245,,
1619,HUNTING,10,22,Nevada,811,47,5147.94,15.00419707,5476.531932,705.1972625,,
5193,HUNTING,10,22,Alabama,416,219,5153.91,10.74605349,3922.309524,2353.385714,,
6384,HUNTING,10,22,Colorado,276,269,5156.48,8.752998896,3194.844597,2354.556703,,
4122,HUNTING,32,32,Ohio,187,271,5157.04,8.689339878,3171.609055,2354.811107,,
802,HUNTING,10,22,Utah,217,304,5167.14,7.761259413,2832.859686,2359.422862,,
1857,HUNTING,10,22,Utah,558,76,5178.66,12.44570298,4542.681587,945.8734263,,
318,HUNTING,10,22,Louisiana,622,180,5179.81,13.14006535,4796.123852,2365.211762,,
652,HUNTING,16,28,Virginia,987,20,5180.06,18.6736229,6815.872358,373.472458,,
9847,HUNTING,20,32,Minnesota,542,160,5183.58,14.79331908,5399.561464,2366.931053,,
7813,HUNTING,17,29,Maryland,383,80,5185.18,11.838301,4320.979866,947.0640802,,
7257,HUNTING,21,33,Michigan,272,89,5185.69,10.64222445,3884.411925,947.1579761,,
7225,HUNTING,10,22,Florida,964,145,5194.61,16.35840099,5970.81636,2371.968143,,
5225,HUNTING,19,31,New York,240,98,5198.62,9.688966628,3536.472819,949.5187295,,
7192,HUNTING,10,22,Nebraska,163,353,5200.14,6.726608239,2455.212007,2374.492708,,
773,HUNTING,10,22,Utah,604,29,5208.29,12.94853998,4726.217092,375.5076594,,
5527,HUNTING,10,22,California,206,315,5216.64,7.561987286,2760.125359,2382.025995,,
6282,HUNTING,21,33,Michigan,140,312,5216.88,7.635051662,2786.793857,2382.136119,,
6243,HUNTING,10,22,Montana,921,149,5217.50,15.98939928,5836.130739,2382.420493,,
5183,HUNTING,12,24,North Carolina,375,224,5227.62,10.65644253,3889.601522,2387.043126,,
9533,HUNTING,10,22,Washington,837,47,5229.81,15.24281089,5563.625976,716.412112,,
7910,HUNTING,10,22,Alabama,608,184,5234.99,12.99134519,4741.840993,2390.407514,,
618,HUNTING,10,22,Mississippi,619,73,5239.08,13.10833878,4784.543656,956.9087313,,
5766,HUNTING,10,22,Connecticut,922,45,5255.37,15.99807738,5839.298246,719.9134823,,
5092,HUNTING,10,22,Nevada,840,63,5267.04,15.27010332,5573.587713,962.0165095,,
3766,HUNTING,10,22,New Jersey,266,280,5269.21,8.592967139,3136.433006,2406.030799,,
2254,HUNTING,29,29,Illinois,240,257,5274.40,9.371208747,3420.491193,2408.400648,,
7873,HUNTING,21,33,Michigan,559,158,5279.04,15.25646321,5568.609072,2410.521187,,
3925,HUNTING,10,22,Wyoming,583,76,5293.40,12.72144985,4643.329194,966.8301883,,
3686,HUNTING,10,22,Colorado,854,157,5293.89,15.39682835,5619.842347,2417.30205,,
2662,HUNTING,10,22,Nevada,860,47,5301.18,15.4508209,5639.549627,726.1885822,,
3412,HUNTING,10,22,Rhode Island,208,321,5341.74,7.598607294,2773.491662,2439.152941,,
7547,HUNTING,16,28,Virginia,675,25,5354.74,15.44265234,5636.568105,386.0663085,,
5868,HUNTING,32,32,Ohio,367,201,5358.45,12.173039,4443.159236,2446.78084,,
3867,HUNTING,20,32,Minnesota,287,91,5363.30,10.7648239,3929.160725,979.5989752,,
3482,HUNTING,10,22,Idaho,541,80,5367.54,12.2546515,4472.947798,980.37212,,
7673,HUNTING,10,22,Wyoming,873,63,5369.50,15.56716234,5682.014256,980.7312277,,
6685,HUNTING,10,22,Nevada,786,166,5369.90,14.7711261,5391.461026,2452.006933,,
4126,HUNTING,10,22,Vermont,300,269,5376.00,9.125632181,3330.855746,2454.795057,,
9426,HUNTING,10,22,Delaware,248,296,5378.53,8.297135319,3028.454391,2455.952054,,
4123,HUNTING,10,22,Connecticut,849,160,5379.23,15.3516895,5603.366667,2456.27032,,
9305,HUNTING,11,23,Arkansas,889,153,5381.97,16.06222816,5862.71328,2457.520909,,
8272,HUNTING,10,22,Louisiana,302,269,5393.89,9.156000425,3341.940155,2462.964114,,
4400,HUNTING,19,31,Indiana,738,145,5395.26,16.99025981,6201.444832,2463.587673,,
897,HUNTING,10,22,Florida,654,183,5399.91,13.47383445,4917.949573,2465.711704,,
6271,HUNTING,10,22,Alabama,924,154,5401.36,16.01541948,5845.62811,2466.3746,,
909,HUNTING,10,22,Tennessee,815,164,5402.18,15.04115328,5490.020947,2466.749138,,
9499,HUNTING,10,22,New Mexico,554,199,5404.49,12.40101449,4526.37029,2467.801884,,
5338,HUNTING,10,22,Louisiana,401,234,5406.73,10.55053589,3850.945598,2468.825397,,
7635,HUNTING,10,22,Rhode Island,977,150,5409.85,16.46833203,6010.941191,2470.249804,,
537,HUNTING,29,29,Wisconsin,916,135,5412.72,18.30786613,6682.371136,2471.561927,,
8947,HUNTING,10,22,North Dakota,665,182,5415.38,13.58667401,4959.136013,2472.77467,,
5888,HUNTING,12,24,North Carolina,549,192,5421.61,12.8938551,4706.257112,2475.620179,,
1428,HUNTING,10,22,Montana,206,328,5431.93,7.561987286,2760.125359,2480.33183,,
8992,HUNTING,16,28,Pennsylvania,683,48,5443.08,15.5338948,5669.871603,745.6269506,,
6197,HUNTING,29,29,Missouri,839,142,5448.83,17.52148744,6395.342915,2488.051216,,
2380,HUNTING,10,22,Massachusetts,993,150,5453.96,16.60263258,6059.960891,2490.394887,,
173,HUNTING,10,22,New Mexico,676,182,5459.98,13.69858411,4999.9832,2493.142308,,
690,HUNTING,10,22,Colorado,477,217,5468.46,11.50698434,4200.049285,2497.015603,,
1630,HUNTING,29,29,Kentucky,563,174,5469.37,14.3530497,5238.86314,2497.430648,,
3841,HUNTING,29,29,Wisconsin,675,159,5472.47,15.71599484,5736.338118,2498.84318,,
9726,HUNTING,10,22,Colorado,418,232,5472.96,10.77185438,3931.726847,2499.070215,,
2428,HUNTING,10,22,North Dakota,395,239,5480.79,10.47130671,3822.026949,2502.642304,,
8582,HUNTING,10,22,Nevada,537,82,5481.35,12.20926375,4456.381267,1001.159627,,
6161,HUNTING,35,35,Iowa,447,179,5507.77,14.05007932,5128.278951,2514.964198,,
0,HUNTING,10,22,Tennessee,302,110,5514.20,9.156000425,3341.940155,1007.160047,,
3782,HUNTING,13,25,Oklahoma,958,145,5520.21,17.38376135,6345.072892,2520.645395,,
3173,HUNTING,10,22,Delaware,832,166,5524.80,15.19721459,5546.983324,2522.737621,,
5065,HUNTING,10,22,New Mexico,501,214,5526.87,11.79291574,4304.414246,2523.683969,,
4789,HUNTING,10,22,Nevada,848,26,5532.86,15.34264579,5600.065714,398.9087906,,
1121,HUNTING,10,22,Oregon,535,83,5537.85,12.18650648,4448.074864,1011.480038,,
9452,HUNTING,35,35,Iowa,818,40,5549.89,19.00647883,6937.364773,760.2591533,,
4984,HUNTING,21,33,Michigan,241,253,5550.36,10.01743386,3656.363357,2534.410765,,
5578,HUNTING,15,27,Georgia,638,172,5553.36,14.74290998,5381.162142,2535.780516,,
1164,HUNTING,16,28,Virginia,802,151,5566.45,16.83283212,6143.983724,2541.75765,,
5243,HUNTING,10,22,Connecticut,694,55,5572.73,13.87976356,5066.113698,763.3869956,,
8781,HUNTING,10,22,Idaho,715,181,5584.42,14.08819498,5142.191167,2549.963291,,
1779,HUNTING,10,22,Oregon,342,262,5590.63,9.743508889,3556.380745,2552.799329,,
9257,HUNTING,16,28,Pennsylvania,463,80,5601.89,12.78970429,4668.242067,1023.176344,,
1304,HUNTING,10,22,Idaho,901,162,5610.79,15.81483729,5772.415612,2562.003642,,
9603,HUNTING,10,22,Alabama,852,50,5613.26,15.37878871,5613.257878,768.9394353,,
6042,HUNTING,10,22,New Mexico,512,215,5613.32,11.92167596,4351.411725,2563.160331,,
2709,HUNTING,10,22,Tennessee,542,209,5614.26,12.2659722,4477.079852,2563.588189,,
2677,HUNTING,10,22,California,761,53,5623.33,14.5343181,5305.026107,770.3188594,,
3356,HUNTING,10,22,Florida,718,182,5627.04,14.11771969,5152.967689,2569.424984,,
202,HUNTING,10,22,Alabama,510,216,5628.40,11.89836865,4342.904558,2570.047629,,
519,HUNTING,10,22,California,407,242,5633.25,10.62917451,3879.648695,2572.260231,,
3382,HUNTING,19,31,New York,957,21,5635.38,19.34763154,7061.885513,406.3002624,,
5320,HUNTING,10,22,Colorado,895,49,5638.10,15.76209172,5753.163478,772.3424943,,
7103,HUNTING,10,22,Utah,679,188,5652.48,13.72894673,5011.065555,2581.041985,,
4903,HUNTING,29,29,Missouri,903,142,5652.84,18.17748799,6634.783116,2581.203295,,
9019,HUNTING,10,22,Tennessee,584,203,5660.42,12.73235551,4647.309759,2584.668168,,
64,HUNTING,15,27,Georgia,620,178,5665.43,14.53344994,5304.709229,2586.95409,,
6395,HUNTING,11,23,West Virginia,798,170,5665.65,15.21795712,5554.554348,2587.05271,,
3812,HUNTING,10,22,California,243,315,5665.79,8.213068962,2997.770171,2587.116723,,
1866,HUNTING,12,24,North Carolina,385,240,5675.22,10.79759361,3941.121668,2591.422466,,
4667,HUNTING,10,22,New Mexico,401,246,5684.00,10.55053589,3850.945598,2595.431828,,
4287,HUNTING,12,24,North Carolina,506,210,5692.92,12.37860975,4518.192559,2599.508048,,
4029,HUNTING,32,32,Ohio,532,71,5697.24,14.656214,5349.518109,1040.591194,,
1934,HUNTING,10,22,New Mexico,296,287,5697.37,9.064590478,3308.575524,2601.537467,,
2333,HUNTING,10,22,Florida,896,165,5698.81,15.7708949,5756.376638,2602.197658,,
6700,HUNTING,10,22,Washington,418,242,5708.87,10.77185438,3931.726847,2606.788759,,
5903,HUNTING,10,22,Montana,561,209,5711.82,12.47911432,4554.876727,2608.134893,,
7628,HUNTING,10,22,Rhode Island,982,158,5712.93,16.5104183,6026.302681,2608.646092,,
2745,HUNTING,29,29,Kansas,775,155,5716.32,16.83995174,6146.582384,2610.192519,,
5096,HUNTING,29,29,Kansas,664,67,5717.85,15.58741258,5689.405593,1044.356643,,
307,HUNTING,10,22,Connecticut,213,340,5725.52,7.689394353,2806.628939,2614.39408,,
1946,HUNTING,19,31,Indiana,522,183,5726.67,14.28917288,5215.548102,2614.918637,,
1959,HUNTING,29,29,Illinois,412,213,5727.46,12.27831014,4481.583202,2615.280061,,
5357,HUNTING,10,22,Vermont,379,255,5728.04,10.25703737,3743.818639,2615.544528,,
5180,HUNTING,29,29,Illinois,505,77,5730.74,13.59363737,4961.67764,1046.710077,,
4897,HUNTING,11,23,Arkansas,698,184,5735.15,14.23254683,5194.879594,2618.788617,,
4002,HUNTING,10,22,Nebraska,845,171,5735.50,15.31548263,5590.151161,2618.94753,,
3848,HUNTING,29,29,Kansas,798,46,5738.15,17.08800793,6237.122894,786.0483648,,
7464,HUNTING,21,33,Michigan,206,283,5740.00,9.261505146,3380.449378,2621.005956,,
6691,HUNTING,11,23,Arkansas,962,158,5781.54,16.70869172,6098.672478,2639.973292,,
5322,HUNTING,10,22,Utah,845,69,5785.81,15.31548263,5590.151161,1056.768302,,
9521,HUNTING,10,22,Connecticut,924,165,5787.17,16.01541948,5845.62811,2642.544214,,
2844,HUNTING,29,29,Kentucky,240,282,5787.47,9.371208747,3420.491193,2642.680867,,
1204,HUNTING,10,22,Hawaii,943,164,5810.94,16.1792423,5905.42344,2653.395737,,
2579,HUNTING,10,22,Delaware,239,326,5815.18,8.145191196,2972.994786,2655.33233,,
640,HUNTING,10,22,Mississippi,957,163,5818.22,16.29890024,5949.098587,2656.720739,,
4448,HUNTING,13,25,Oklahoma,535,205,5832.25,12.99085955,4741.663738,2663.126209,,
5702,HUNTING,10,22,Nevada,874,27,5833.08,15.57607569,5685.267628,420.5540437,,
3920,HUNTING,10,22,Rhode Island,479,231,5833.46,11.53108277,4208.84521,2663.680119,,
3735,HUNTING,10,22,New Hampshire,439,242,5850.51,11.03912352,4029.280085,2671.467892,,
627,HUNTING,19,31,Indiana,195,306,5852.68,8.733516496,3187.733521,2672.456048,,
1720,HUNTING,19,31,New York,517,188,5854.89,14.22057348,5190.50932,2673.467814,,
3755,HUNTING,29,29,Illinois,705,50,5862.43,16.06144259,5862.426545,803.0721295,,
9074,HUNTING,10,22,Nevada,978,65,5863.67,16.47675788,6014.016628,1070.989262,,
3939,HUNTING,10,22,Wyoming,646,80,5865.33,13.3911721,4887.777818,1071.293768,,
1825,HUNTING,10,22,Wyoming,578,212,5880.93,12.66678071,4623.374958,2685.35751,,
1923,HUNTING,10,22,California,955,66,5883.45,16.28186009,5942.878932,1074.602766,,
7080,HUNTING,32,32,Ohio,982,135,5887.08,19.91231369,7267.994496,2688.162348,,
4664,HUNTING,29,29,Illinois,568,187,5904.05,14.4166435,5262.074876,2695.912334,,
94,HUNTING,10,22,Vermont,207,356,5909.92,7.580319404,2766.816582,2698.593708,,
4006,HUNTING,10,22,Nebraska,969,26,5914.45,16.40076936,5986.280815,426.4200033,,
7278,HUNTING,20,32,Minnesota,287,251,5917.32,10.7648239,3929.160725,2701.9708,,
246,HUNTING,35,35,Iowa,881,137,5918.04,19.72481636,7199.557973,2702.299842,,
4511,HUNTING,10,22,Colorado,887,69,5927.85,15.69148849,5727.393299,1082.712706,,
2529,HUNTING,10,22,Nebraska,798,182,5932.25,14.88345567,5432.461321,2708.788932,,
5944,HUNTING,10,22,Alaska,270,313,5934.34,8.657334834,3159.927214,2709.745803,,
2124,HUNTING,10,22,Idaho,401,257,5938.16,10.55053589,3850.945598,2711.487723,,
7382,HUNTING,10,22,Louisiana,664,60,5946.49,13.57645462,4955.405937,814.5872773,,
7472,HUNTING,10,22,Washington,615,208,5951.79,13.06591687,4769.059656,2717.710708,,
938,HUNTING,10,22,Montana,723,192,5956.85,14.16679082,5170.878649,2720.023837,,
3396,HUNTING,10,22,Utah,536,223,5957.08,12.19789042,4452.230003,2720.129564,,
2390,HUNTING,10,22,Delaware,274,312,5959.04,8.721227471,3183.248027,2721.022971,,
4657,HUNTING,32,32,Ohio,637,51,5970.75,16.03746411,5853.674402,817.9106698,,
6175,HUNTING,11,23,West Virginia,990,161,5976.44,16.95010948,6186.789959,2728.967626,,
396,HUNTING,10,22,Oregon,897,173,5978.45,15.77969317,5759.588006,2729.886918,,
675,HUNTING,10,22,Connecticut,550,221,5980.26,12.35616438,4510,2730.712329,,
4186,HUNTING,10,22,Utah,654,203,5990.06,13.47383445,4917.949573,2735.188393,,
1571,HUNTING,12,24,North Carolina,898,166,5994.97,16.49053636,6019.045772,2737.429036,,
8778,HUNTING,29,29,Wisconsin,835,47,5997.27,17.47966999,6380.079545,821.5444894,,
3790,HUNTING,10,22,Massachusetts,375,108,6032.90,10.20276695,3724.009936,1101.89883,,
7676,HUNTING,10,22,Tennessee,506,93,6034.55,11.85161653,4325.840034,1102.200337,,
1608,HUNTING,29,29,Kentucky,649,179,6041.01,15.41034422,5624.77564,2758.451615,,
1020,HUNTING,20,32,Minnesota,811,61,6043.53,18.09574254,6604.946026,1103.840295,,
4909,HUNTING,20,32,Minnesota,807,153,6048.37,18.05106162,6588.637492,2761.812428,,
6944,HUNTING,10,22,Idaho,694,199,6048.94,13.87976356,5066.113698,2762.072948,,
2153,HUNTING,10,22,Texas,630,209,6052.89,13.2242974,4826.86855,2763.878156,,
3571,HUNTING,29,29,Kansas,872,62,6063.51,17.86274645,6519.902453,1107.49028,,
4662,HUNTING,15,27,South Carolina,302,273,6064.33,10.14323169,3702.279568,2769.102252,,
1028,HUNTING,29,29,Illinois,564,193,6071.99,14.36579098,5243.513707,2772.597659,,
8612,HUNTING,32,32,Ohio,588,180,6073.95,15.40829712,5624.028449,2773.493482,,
4225,HUNTING,19,31,New York,325,246,6074.25,11.27492131,4115.346279,2773.630643,,
505,HUNTING,16,28,Virginia,373,242,6083.93,11.47953837,4190.031503,2778.048284,,
647,HUNTING,19,31,Indiana,428,86,6092.23,12.93879177,4722.658997,1112.736092,,
8932,HUNTING,29,29,Illinois,385,94,6108.47,11.86917016,4332.247107,1115.701995,,
9017,HUNTING,13,25,Oklahoma,989,25,6124.57,17.66278337,6446.915929,441.5695842,,
3424,HUNTING,10,22,Oregon,624,85,6124.88,13.1611739,4803.828473,1118.699781,,
7014,HUNTING,10,22,Louisiana,588,219,6127.44,12.77588505,4663.198044,2797.918827,,
2034,HUNTING,19,31,Indiana,162,352,6136.43,7.960298371,2905.508906,2802.025027,,
2592,HUNTING,19,31,New York,807,158,6147.66,17.76677517,6484.872936,2807.150477,,
9085,HUNTING,10,22,Alabama,615,86,6152.09,13.06591687,4769.059656,1123.66885,,
5731,HUNTING,29,29,Kansas,577,58,6152.18,14.53041097,5303.600004,842.7638362,,
2856,HUNTING,20,32,Minnesota,894,148,6158.01,18.9991749,6934.69884,2811.877886,,
1052,HUNTING,15,27,South Carolina,874,163,6159.71,17.25554143,6298.27262,2812.653252,,
5348,HUNTING,35,35,Iowa,372,88,6175.37,12.81729808,4678.313799,1127.922231,,
7465,HUNTING,16,28,Pennsylvania,237,309,6192.23,9.150486422,3339.927544,2827.500304,,
3406,HUNTING,29,29,Illinois,229,309,6194.56,9.153933063,3341.185568,2828.565316,,
5033,HUNTING,29,29,Illinois,733,173,6204.86,16.37728771,5977.710013,2833.270773,,
223,HUNTING,10,22,North Dakota,684,206,6216.44,13.77940242,5029.481882,2838.556898,,
7985,HUNTING,19,31,Indiana,785,162,6216.78,17.52292764,6395.868588,2838.714278,,
8087,HUNTING,10,22,Utah,455,253,6226.91,11.23849175,4102.049488,2843.338412,,
6453,HUNTING,10,22,Maine,642,214,6256.45,13.34964899,4872.621881,2856.824884,,
2860,HUNTING,10,22,New Jersey,943,53,6259.75,16.1792423,5905.42344,857.4998419,,
9505,HUNTING,29,29,Kansas,619,76,6262.29,15.04995896,5493.235021,1143.796881,,
1509,HUNTING,32,32,Ohio,393,91,6276.07,12.59685866,4597.853412,1146.314138,,
8901,HUNTING,10,22,Delaware,435,261,6281.04,10.9887163,4010.881449,2868.054954,,
771,HUNTING,15,27,South Carolina,777,53,6294.80,16.26984381,5938.492991,862.3017219,,
5007,HUNTING,10,22,Alabama,370,284,6303.27,10.13452025,3699.099891,2878.20375,,
7506,HUNTING,12,24,North Carolina,791,186,6304.37,15.4769313,5649.079925,2878.709222,,
1613,HUNTING,10,22,Utah,498,98,6308.52,11.7575546,4291.507427,1152.24035,,
6306,HUNTING,32,32,Ohio,204,318,6320.51,9.075719506,3312.63762,2886.078803,,
7636,HUNTING,10,22,Wyoming,928,180,6326.93,16.05004745,5858.267321,2889.008542,,
451,HUNTING,16,28,Pennsylvania,923,160,6327.54,18.0580503,6591.18836,2889.288048,,
9383,HUNTING,10,22,Alabama,738,202,6331.78,14.3129948,5224.243103,2891.22495,,
3834,HUNTING,10,22,New Mexico,507,244,6339.28,11.86332183,4330.11247,2894.650528,,
3426,HUNTING,12,24,North Carolina,586,87,6345.25,13.32126357,4862.261202,1158.94993,,
1805,HUNTING,10,22,Texas,484,250,6346.13,11.59110963,4230.755015,2897.777408,,
9103,HUNTING,10,22,Texas,554,234,6355.02,12.40101449,4526.37029,2901.837391,,
110,HUNTING,10,22,Delaware,767,199,6359.12,14.59150253,5325.898422,2903.709003,,
7744,HUNTING,10,22,Mississippi,987,176,6379.96,16.55239757,6041.625113,2913.221972,,
8225,HUNTING,10,22,Hawaii,594,91,6397.66,12.8409027,4686.929485,1168.522146,,
124,HUNTING,10,22,Massachusetts,426,269,6406.24,10.87444578,3969.17271,2925.225915,,
4250,HUNTING,12,24,North Carolina,739,196,6421.24,14.95956043,5460.239555,2932.073843,,
1056,HUNTING,10,22,New Mexico,288,328,6422.68,8.941256969,3263.558794,2932.732286,,
3163,HUNTING,13,25,Oklahoma,297,304,6444.02,9.679194596,3532.906028,2942.475157,,
9763,HUNTING,10,22,Alabama,743,205,6447.55,14.36139871,5241.91053,2944.086736,,
7065,HUNTING,29,29,Kansas,553,207,6448.62,14.22500923,5192.128369,2944.576911,,
5592,HUNTING,11,23,West Virginia,457,256,6456.50,11.51630108,4203.449893,2948.173075,,
4202,HUNTING,29,29,Illinois,718,182,6460.52,16.20885038,5916.230388,2950.010769,,
3321,HUNTING,10,22,North Dakota,571,235,6479.36,12.5898451,4595.293462,2958.613599,,
5492,HUNTING,10,22,Alabama,702,212,6481.13,13.95953297,5095.229534,2959.420989,,
7835,HUNTING,10,22,Vermont,831,195,6486.07,15.1880789,5543.648798,2961.675385,,
5233,HUNTING,15,27,South Carolina,313,287,6490.39,10.32630725,3769.102148,2963.650182,,
6573,HUNTING,10,22,Texas,487,255,6493.09,11.626977,4243.846604,2964.879134,,
6650,HUNTING,35,35,Iowa,327,247,6500.40,12.0170783,4386.233578,2968.218339,,
3134,HUNTING,10,22,North Dakota,767,204,6518.90,14.59150253,5325.898422,2976.666515,,
7861,HUNTING,10,22,Idaho,455,106,6522.26,11.23849175,4102.049488,1191.280125,,
6178,HUNTING,10,22,Alaska,537,244,6524.14,12.20926375,4456.381267,2979.060354,,
7275,HUNTING,10,22,South Dakota,827,59,6525.74,15.15148107,5530.290589,893.9373829,,
871,HUNTING,29,29,Wisconsin,289,290,6531.02,10.2834517,3753.459871,2982.200993,,
5138,HUNTING,15,27,Georgia,592,84,6531.26,14.20148396,5183.541646,1192.924653,,
8043,HUNTING,10,22,South Dakota,582,235,6541.48,12.71053483,4639.345212,2986.975685,,
4537,HUNTING,15,27,Georgia,818,179,6544.05,16.69358167,6093.15731,2988.151119,,
3096,HUNTING,10,22,California,414,279,6550.14,10.72019051,3912.869535,2990.933152,,
4526,HUNTING,29,29,Illinois,333,271,6551.27,11.038552,4029.071481,2991.447593,,
6315,HUNTING,11,23,Arkansas,582,231,6574.65,12.99620049,4743.61318,3002.122314,,
1969,HUNTING,20,32,Minnesota,614,191,6586.09,15.74527198,5747.024273,3007.346949,,
2420,HUNTING,10,22,Louisiana,933,187,6590.66,16.09322764,5874.02809,3009.433569,,
1487,HUNTING,10,22,Delaware,770,206,6595.67,14.62001086,5336.303964,3011.722237,,
3879,HUNTING,15,27,Georgia,870,70,6598.04,17.21600978,6283.843569,1205.120684,,
615,HUNTING,10,22,Utah,836,198,6605.64,15.23370255,5560.301431,3016.273105,,
7422,HUNTING,10,22,New Jersey,296,333,6610.53,9.064590478,3308.575524,3018.508629,,
6867,HUNTING,11,23,West Virginia,397,282,6628.93,10.73371757,3917.806912,3026.908354,,
6488,HUNTING,10,22,Connecticut,313,325,6634.40,9.321257412,3402.258955,3029.408659,,
1406,HUNTING,10,22,Delaware,401,115,6642.88,10.55053589,3850.945598,1213.311627,,
9868,HUNTING,10,22,Massachusetts,919,30,6645.96,15.97202894,5829.790562,479.1608681,,
1780,HUNTING,29,29,Illinois,456,235,6647.90,12.91731982,4714.821736,3035.570159,,
1138,HUNTING,10,22,New Hampshire,719,215,6651.96,14.12754756,5156.554858,3037.422724,,
4589,HUNTING,10,22,South Dakota,275,349,6677.87,8.737127625,3189.051583,3049.257541,,
7295,HUNTING,10,22,Washington,798,82,6681.93,14.88345567,5432.461321,1220.443365,,
1407,HUNTING,10,22,Nevada,751,212,6703.51,14.43850745,5270.055218,3060.963579,,
9067,HUNTING,10,22,Oregon,558,246,6705.00,12.44570298,4542.681587,3061.642933,,
9440,HUNTING,10,22,California,508,258,6709.62,11.8750156,4334.380694,3063.754025,,
2526,HUNTING,10,22,Oregon,931,191,6724.42,16.07596949,5867.728862,3070.510172,,
1209,HUNTING,10,22,Florida,834,202,6731.02,15.21546951,5553.64637,3073.52484,,
1474,HUNTING,35,35,Iowa,303,266,6738.64,11.56768167,4222.203808,3077.003323,,
1151,HUNTING,10,22,Texas,336,319,6746.94,9.657661322,3525.046383,3080.793962,,
495,HUNTING,10,22,Massachusetts,950,57,6757.12,16.23918148,5927.301241,925.6333445,,
4094,HUNTING,10,22,Alabama,464,272,6760.43,11.34909739,4142.420548,3086.954491,,
9365,HUNTING,10,22,Alabama,622,94,6762.53,13.14006535,4796.123852,1235.166143,,
7110,HUNTING,10,22,Oregon,924,193,6769.24,16.01541948,5845.62811,3090.97596,,
5085,HUNTING,10,22,Montana,820,205,6773.41,15.08722124,5506.835752,3092.880354,,
1432,HUNTING,10,22,Utah,853,202,6807.26,15.38781117,5616.551077,3108.337856,,
8803,HUNTING,10,22,Arizona,333,324,6822.03,9.614450093,3509.274284,3115.08183,,
1165,HUNTING,10,22,Vermont,815,83,6835.08,15.04115328,5490.020947,1248.415722,,
7388,HUNTING,16,28,Pennsylvania,835,182,6845.87,17.17565253,6269.113175,3125.968761,,
9804,HUNTING,10,22,Utah,864,202,6851.01,15.48671135,5652.649644,3128.315693,,
1698,HUNTING,10,22,North Dakota,577,99,6859.77,12.65581854,4619.373767,1252.926035,,
7538,HUNTING,15,27,Georgia,585,222,6863.54,14.11727281,5152.804576,3134.034564,,
6919,HUNTING,10,22,Utah,296,346,6868.60,9.064590478,3308.575524,3136.348305,,
9201,HUNTING,29,29,Illinois,953,168,6870.52,18.67396075,6815.995672,3137.225405,,
1398,HUNTING,10,22,New Hampshire,349,319,6876.22,9.842718083,3592.5921,3139.827069,,
9916,HUNTING,29,29,Kansas,944,169,6878.71,18.58557442,6783.734665,3140.962078,,
70,HUNTING,10,22,Vermont,645,235,6886.43,13.38080341,4883.993243,3144.4888,,
9905,HUNTING,11,23,West Virginia,831,81,6886.91,15.52942666,5668.240732,1257.88356,,
9223,HUNTING,29,29,Illinois,765,188,6888.47,16.73095414,6106.798261,3145.419378,,
4780,HUNTING,16,28,Virginia,325,294,6899.27,10.71548144,3911.150726,3150.351544,,
6683,HUNTING,19,31,New York,669,78,6908.18,16.17651251,5904.427068,1261.767976,,
4860,HUNTING,10,22,South Dakota,853,82,6908.36,15.38781117,5616.551077,1261.800516,,
8619,HUNTING,16,28,Pennsylvania,229,351,6914.15,8.994722082,3283.07356,3157.147451,,
4598,HUNTING,10,22,New Mexico,295,349,6916.44,9.049265715,3302.981986,3158.193735,,
9062,HUNTING,10,22,Idaho,596,246,6929.54,12.86250221,4694.813308,3164.175545,,
2982,HUNTING,16,28,Virginia,332,293,6949.46,10.83026416,3953.04642,3173.2674,,
9874,HUNTING,32,32,Ohio,401,100,6966.62,12.72442504,4644.415141,1272.442504,,
5369,HUNTING,16,28,Pennsylvania,609,217,6970.80,14.66826185,5353.915576,3183.012822,,
7524,HUNTING,10,22,Wyoming,862,206,6978.58,15.46877653,5646.103435,3186.567966,,
9595,HUNTING,10,22,Oregon,947,197,6995.00,16.21352039,5917.934944,3194.063518,,
1789,HUNTING,10,22,Oregon,440,290,7018.93,11.0516894,4033.866631,3204.989926,,
1148,HUNTING,10,22,Tennessee,751,89,7035.52,14.43850745,5270.055218,1285.027163,,
7949,HUNTING,16,28,Pennsylvania,670,209,7042.03,15.38535102,5615.653123,3215.538364,,
2024,HUNTING,29,29,Kentucky,585,88,7049.12,14.63079497,5340.240163,1287.509957,,
9244,HUNTING,10,22,Colorado,303,352,7069.85,9.171146838,3347.468596,3228.243687,,
4121,HUNTING,10,22,Alaska,471,113,7074.17,11.43438435,4173.550287,1292.085431,,
3900,HUNTING,10,22,California,969,197,7075.78,16.40076936,5986.280815,3230.951563,,
3827,HUNTING,16,28,Pennsylvania,528,237,7088.91,13.65799562,4985.168402,3236.944963,,
6567,HUNTING,10,22,Massachusetts,924,81,7102.44,16.01541948,5845.62811,1297.248978,,
441,HUNTING,10,22,Colorado,315,347,7106.10,9.350990366,3413.111484,3244.793657,,
4923,HUNTING,10,22,Alabama,904,205,7111.88,15.84114422,5782.017641,3247.434565,,
4181,HUNTING,20,32,Minnesota,268,313,7130.53,10.4023959,3796.874504,3255.949917,,
913,HUNTING,10,22,Colorado,363,325,7144.69,10.0381954,3663.94132,3262.413505,,
7434,HUNTING,10,22,Tennessee,689,236,7147.73,13.82967403,5047.831019,3263.80307,,
4139,HUNTING,29,29,Missouri,305,309,7148.95,10.56428018,3855.962266,3264.362576,,
8969,HUNTING,10,22,Wyoming,520,272,7156.77,12.01445305,4385.275362,3267.931229,,
5218,HUNTING,10,22,New Hampshire,631,247,7159.09,13.23478871,4830.697879,3268.992811,,
5958,HUNTING,29,29,Kentucky,979,173,7170.87,18.92698061,6908.347921,3274.367645,,
9976,HUNTING,17,29,Maryland,933,28,7175.72,18.47697253,6744.094973,517.3552308,,
3276,HUNTING,20,32,Minnesota,889,173,7178.06,18.94597073,6915.279315,3277.652935,,
8756,HUNTING,10,22,Maine,626,249,7188.41,13.18224865,4811.520758,3282.379914,,
5662,HUNTING,10,22,Alabama,522,273,7196.88,12.03753559,4393.70049,3286.247216,,
2216,HUNTING,21,33,Michigan,466,236,7199.41,13.92967297,5084.330634,3287.402821,,
8311,HUNTING,10,22,Louisiana,701,236,7209.70,13.94958674,5091.599159,3292.10247,,
556,HUNTING,10,22,Rhode Island,420,305,7212.25,10.79759361,3941.121668,3293.266051,,
6269,HUNTING,32,32,Ohio,800,55,7216.00,17.97260274,6560,988.4931507,,
3929,HUNTING,10,22,Tennessee,890,84,7228.71,15.71800187,5737.070681,1320.312157,,
2388,HUNTING,29,29,Missouri,677,84,7238.49,15.73926058,5744.830111,1322.097888,,
1534,HUNTING,10,22,Washington,580,261,7252.72,12.68867663,4631.366969,3311.7446,,
84,HUNTING,11,23,West Virginia,510,109,7260.23,12.16578111,4440.510106,1326.070141,,
2181,HUNTING,10,22,Idaho,625,252,7269.21,13.17171549,4807.676154,3319.272303,,
232,HUNTING,16,28,Pennsylvania,772,201,7269.74,16.51500305,6027.976111,3319.515612,,
663,HUNTING,10,22,Oregon,480,288,7280.47,11.54311311,4213.236286,3324.416576,,
3624,HUNTING,10,22,Colorado,392,319,7287.53,10.43146646,3807.485259,3327.637802,,
1261,HUNTING,19,31,New York,453,250,7287.94,13.31131437,4858.629745,3327.828593,,
7856,HUNTING,10,22,Louisiana,861,216,7313.10,15.45980132,5642.827483,3339.317086,,
8167,HUNTING,20,32,Minnesota,674,81,7315.85,16.49665643,6021.279598,1336.229171,,
6341,HUNTING,16,28,Pennsylvania,625,90,7322.12,14.85969914,5423.790188,1337.372923,,
1639,HUNTING,32,32,Ohio,983,168,7329.87,19.92244976,7271.694163,3346.97156,,
4042,HUNTING,29,29,Kentucky,471,255,7331.36,13.12805673,4791.740707,3347.654466,,
5984,HUNTING,10,22,Alabama,991,202,7337.27,16.58590448,6053.855135,3350.352705,,
6769,HUNTING,10,22,Idaho,547,272,7340.22,12.32241967,4497.683181,3351.698152,,
5931,HUNTING,10,22,Vermont,556,270,7345.94,12.42337883,4534.533273,3354.312284,,
7537,HUNTING,29,29,Illinois,546,238,7367.28,14.1346908,5159.162141,3364.05641,,
1702,HUNTING,10,22,Hawaii,502,285,7367.89,11.80467925,4308.707927,3364.333587,,
8788,HUNTING,10,22,Nevada,482,292,7396.95,11.56713627,4222.004737,3377.60379,,
198,HUNTING,19,31,Indiana,632,215,7403.09,15.72281768,5738.828452,3380.4058,,
854,HUNTING,10,22,Nebraska,593,264,7417.84,12.83008931,4682.982597,3387.143577,,
6127,HUNTING,10,22,Florida,558,109,7427.28,12.44570298,4542.681587,1356.581625,,
9225,HUNTING,29,29,Missouri,416,275,7430.42,12.33776962,4503.285911,3392.886646,,
1300,HUNTING,29,29,Wisconsin,446,267,7469.87,12.77489739,4662.837548,3410.897604,,
9535,HUNTING,10,22,New Mexico,473,298,7478.13,11.45863546,4182.401941,3414.673366,,
3294,HUNTING,10,22,Texas,475,119,7481.35,11.48283535,4191.234902,1366.457406,,
9643,HUNTING,10,22,Hawaii,422,316,7490.14,10.82327163,3950.494146,3420.153836,,
172,HUNTING,16,28,Virginia,306,329,7491.53,10.39754291,3795.103161,3420.791616,,
5325,HUNTING,10,22,Mississippi,613,105,7499.05,13.04465417,4761.298772,1369.688688,,
3866,HUNTING,29,29,Kentucky,437,271,7504.89,12.64534579,4615.551213,3426.888709,,
6024,HUNTING,10,22,New Mexico,965,84,7527.13,16.36688343,5973.912453,1374.818208,,
1850,HUNTING,10,22,Mississippi,334,358,7549.23,9.628875383,3514.539515,3447.137387,,
7157,HUNTING,10,22,Alaska,918,216,7551.30,15.96333668,5826.617887,3448.080722,,
2984,HUNTING,10,22,Louisiana,730,97,7559.96,14.23520621,5195.850267,1380.815003,,
210,HUNTING,16,28,Pennsylvania,371,302,7571.95,11.44872076,4178.783076,3457.513669,,
1939,HUNTING,10,22,North Dakota,405,327,7593.15,10.60302644,3870.10465,3467.189645,,
6500,HUNTING,10,22,Washington,600,269,7602.81,12.90559279,4710.54137,3471.604462,,
460,HUNTING,10,22,New Mexico,533,287,7645.25,12.16370663,4439.752921,3490.983804,,
4193,HUNTING,11,23,West Virginia,437,310,7645.42,11.26148412,4110.441704,3491.060077,,
2653,HUNTING,29,29,Illinois,504,103,7658.20,13.58017165,4956.762653,1398.75768,,
526,HUNTING,13,25,Oklahoma,979,199,7658.60,17.57326032,6414.240017,3497.078804,,
7456,HUNTING,10,22,New Hampshire,348,356,7662.77,9.828606652,3587.441428,3498.983968,,
5916,HUNTING,17,29,Maryland,402,289,7676.18,12.1283862,4426.860965,3505.103613,,
5885,HUNTING,10,22,Nevada,766,241,7696.23,14.58198736,5322.425387,3514.258954,,
4543,HUNTING,19,31,New York,537,97,7696.88,14.49302302,5289.953402,1405.823233,,
9294,HUNTING,10,22,Nevada,369,348,7713.28,10.12081568,3694.097725,3522.043858,,
1787,HUNTING,29,29,Kansas,831,202,7714.11,17.43775225,6364.779572,3522.425955,,
6670,HUNTING,29,29,Kansas,688,89,7731.40,15.86661232,5791.313495,1412.128496,,
4265,HUNTING,10,22,Arizona,641,265,7741.43,13.33924802,4868.825526,3534.900724,,
5560,HUNTING,10,22,South Dakota,530,117,7769.81,12.12942651,4427.240676,1419.142902,,
130,HUNTING,29,29,Kentucky,818,206,7805.09,17.30081822,6314.798651,3563.968554,,
74,HUNTING,10,22,New Hampshire,896,226,7805.65,15.7708949,5756.376638,3564.222247,,
1371,HUNTING,10,22,Arizona,641,268,7829.07,13.33924802,4868.825526,3574.918468,,
1032,HUNTING,35,35,Iowa,525,94,7836.40,15.22666055,5557.731102,1431.306092,,
601,HUNTING,10,22,Rhode Island,753,99,7836.45,14.45772037,5277.067936,1431.314317,,
4344,HUNTING,10,22,Alabama,875,230,7850.16,15.58498394,5688.519139,3584.546307,,
4,HUNTING,32,32,Ohio,637,224,7867.34,16.03746411,5853.674402,3592.391962,,
9555,HUNTING,35,35,Iowa,404,269,7868.86,13.35720825,4875.381011,3593.089019,,
7679,HUNTING,10,22,Alabama,828,238,7902.03,15.16063881,5533.633165,3608.232036,,
1680,HUNTING,12,24,North Carolina,545,281,7905.79,12.84679708,4689.080933,3609.949979,,
5019,HUNTING,10,22,Massachusetts,422,334,7916.79,10.82327163,3950.494146,3614.972726,,
7092,HUNTING,10,22,Rhode Island,592,282,7916.92,12.81926679,4679.032379,3615.033235,,
8135,HUNTING,10,22,New Mexico,976,220,7930.38,16.45990186,6007.86418,3621.17841,,
3307,HUNTING,10,22,California,964,222,7953.13,16.35840099,5970.81636,3631.565019,,
6698,HUNTING,11,23,West Virginia,694,256,7956.44,14.1917073,5179.973166,3633.07707,,
8998,HUNTING,10,22,Florida,984,88,7962.82,16.5272228,6032.436324,1454.395607,,
9364,HUNTING,19,31,New York,759,85,8018.55,17.23029556,6289.057879,1464.575122,,
6179,HUNTING,10,22,Massachusetts,481,317,8021.92,11.55513093,4217.62279,3662.976505,,
289,HUNTING,10,22,Montana,646,274,8035.51,13.3911721,4887.777818,3669.181157,,
8302,HUNTING,16,28,Pennsylvania,535,267,8039.00,13.74823348,5018.10522,3670.778339,,
4851,HUNTING,11,23,Arkansas,935,223,8044.70,16.4725455,6012.479106,3673.377646,,
2834,HUNTING,10,22,Arizona,479,319,8055.73,11.53108277,4208.84521,3678.415403,,
5059,HUNTING,10,22,South Dakota,787,249,8059.97,14.7805195,5394.889619,3680.349356,,
3009,HUNTING,13,25,Oklahoma,598,268,8061.03,13.73445999,5013.077897,3680.835278,,
8517,HUNTING,10,22,Maine,894,234,8072.93,15.75328362,5749.948522,3686.268367,,
9352,HUNTING,10,22,New Mexico,994,89,8094.12,16.61099031,6063.011463,1478.378138,,
4994,HUNTING,29,29,Illinois,540,263,8096.30,14.05681312,5130.736789,3696.941851,,
8470,HUNTING,10,22,Idaho,642,277,8098.30,13.34964899,4872.621881,3697.85277,,
1184,HUNTING,15,27,Georgia,378,326,8101.78,11.34798555,4142.014727,3699.443291,,
7819,HUNTING,17,29,Maryland,318,343,8102.92,10.78707135,3937.281042,3699.965472,,
2441,HUNTING,21,33,Michigan,814,201,8104.02,18.41027029,6719.748656,3700.464328,,
6718,HUNTING,10,22,California,518,309,8114.65,11.99132607,4376.834016,3705.319756,,
5757,HUNTING,10,22,Wyoming,473,324,8130.59,11.45863546,4182.401941,3712.597888,,
6154,HUNTING,35,35,Iowa,965,54,8137.77,20.64375381,7534.970139,1114.762706,,
9850,HUNTING,10,22,California,746,259,8162.36,14.39036291,5252.482461,3727.103993,,
6152,HUNTING,10,22,California,409,350,8167.26,10.65525841,3889.16932,3729.340444,,
8761,HUNTING,29,29,Illinois,632,246,8192.71,15.20717453,5550.618704,3740.964935,,
7259,HUNTING,10,22,California,864,242,8207.65,15.48671135,5652.649644,3747.784148,,
1185,HUNTING,10,22,Washington,572,119,8209.78,12.60086466,4599.315601,1499.502895,,
9237,HUNTING,10,22,Idaho,587,294,8218.88,12.76501658,4659.231052,3752.914875,,
4838,HUNTING,29,29,Illinois,626,248,8220.02,15.13481643,5524.207998,3753.434475,,
452,HUNTING,10,22,Hawaii,458,333,8222.87,11.27548085,4115.55051,3754.735123,,
1986,HUNTING,10,22,California,717,107,8264.75,14.10788499,5149.378021,1509.543694,,
8499,HUNTING,10,22,Rhode Island,914,238,8302.26,15.9285202,5813.909872,3790.987807,,
7564,HUNTING,10,22,Delaware,798,102,8311.67,14.88345567,5432.461321,1518.112479,,
1241,HUNTING,11,23,Arkansas,899,235,8312.79,16.15231428,5895.594711,3795.793855,,
1983,HUNTING,16,28,Virginia,469,295,8316.15,12.87230819,4698.392491,3797.330917,,
2065,HUNTING,12,24,North Carolina,849,237,8322.29,16.03431674,5852.525609,3800.133066,,
5591,HUNTING,16,28,Pennsylvania,965,206,8330.00,18.46433473,6739.482176,3803.652954,,
7405,HUNTING,10,22,Nevada,931,237,8343.91,16.07596949,5867.728862,3810.004768,,
3602,HUNTING,10,22,New Mexico,759,105,8344.43,14.51520656,5298.050396,1524.096689,,
2105,HUNTING,19,31,Indiana,971,196,8365.30,19.48863645,7113.352304,3819.772744,,
8344,HUNTING,10,22,California,931,238,8379.12,16.07596949,5867.728862,3826.080738,,
2953,HUNTING,10,22,Massachusetts,609,118,8399.96,13.00202447,4745.738931,1534.238887,,
7717,HUNTING,10,22,Washington,509,323,8408.29,11.88669786,4338.644719,3839.403409,,
9633,HUNTING,20,32,Minnesota,731,224,8427.85,17.18005975,6270.721809,3848.333384,,
3545,HUNTING,10,22,South Dakota,693,111,8429.00,13.86976012,5062.462444,1539.543373,,
3719,HUNTING,10,22,New Hampshire,822,255,8435.73,15.10560908,5513.547315,3851.930316,,
3254,HUNTING,10,22,Delaware,480,334,8443.33,11.54311311,4213.236286,3855.399779,,
3652,HUNTING,21,33,Michigan,851,82,8451.05,18.82403589,6870.773101,1543.570943,,
5155,HUNTING,35,35,Iowa,946,30,8504.88,20.43951482,7460.42291,613.1854447,,
912,HUNTING,20,32,Minnesota,452,288,8520.63,13.50937318,4930.921212,3890.699477,,
3131,HUNTING,19,31,New York,802,220,8533.47,17.71165007,6464.752277,3896.563016,,
7227,HUNTING,17,29,Maryland,410,319,8556.91,12.24847216,4470.69234,3907.262621,,
5106,HUNTING,10,22,New Hampshire,855,254,8569.65,15.40584025,5623.13169,3913.083422,,
1355,HUNTING,10,22,Arizona,704,280,8572.17,13.9794042,5102.482533,3914.233176,,
2907,HUNTING,10,22,Tennessee,947,242,8592.84,16.21352039,5917.934944,3923.671935,,
425,HUNTING,10,22,New Mexico,598,305,8605.91,12.88406552,4702.683915,3929.639983,,
630,HUNTING,10,22,Wyoming,930,245,8620.93,16.06733345,5864.576711,3936.496696,,
2416,HUNTING,10,22,Washington,812,263,8647.29,15.01344465,5479.907298,3948.535944,,
5208,HUNTING,11,23,West Virginia,579,305,8658.41,12.96266185,4731.371577,3953.611866,,
1170,HUNTING,16,28,Virginia,727,247,8669.19,16.02644559,5849.652639,3958.53206,,
964,HUNTING,15,27,South Carolina,799,240,8671.65,16.49856849,6021.977499,3959.656438,,
5872,HUNTING,11,23,West Virginia,799,261,8703.88,15.22748919,5558.033555,3974.374679,,
9032,HUNTING,15,27,Georgia,841,235,8711.30,16.92664447,6178.225231,3977.76145,,
9230,HUNTING,10,22,South Dakota,837,261,8712.64,15.24281089,5563.625976,3978.373643,,
6155,HUNTING,10,22,New Hampshire,819,264,8717.51,15.07801891,5503.476901,3980.596991,,
3170,HUNTING,21,33,Michigan,615,249,8726.28,16.00241467,5840.881355,3984.601253,,
1795,HUNTING,10,22,Delaware,467,351,8752.09,11.38572717,4155.790418,3996.390238,,
8718,HUNTING,10,22,Maine,962,245,8767.99,16.34142288,5964.619351,4003.648605,,
8342,HUNTING,10,22,Nebraska,725,113,8776.75,14.18637174,5178.025686,1603.060007,,
1191,HUNTING,12,24,North Carolina,745,267,8782.74,15.02016659,5482.360805,4010.38448,,
4914,HUNTING,10,22,Louisiana,928,250,8787.40,16.05004745,5858.267321,4012.511863,,
1114,HUNTING,10,22,Nevada,702,288,8804.56,13.95953297,5095.229534,4020.345495,,
7239,HUNTING,16,28,Virginia,610,274,8809.06,14.68029982,5358.309435,4022.402151,,
4336,HUNTING,15,27,Georgia,962,89,8821.34,18.10341096,6607.745001,1611.203576,,
1844,HUNTING,10,22,New Hampshire,914,253,8825.52,15.9285202,5813.909872,4029.91561,,
8693,HUNTING,10,22,Louisiana,519,337,8858.50,12.00289513,4381.056722,4044.975658,,
6677,HUNTING,10,22,Wyoming,668,298,8886.91,13.61728616,4970.309447,4057.951275,,
2799,HUNTING,10,22,Rhode Island,982,247,8930.98,16.5104183,6026.302681,4078.073321,,
7931,HUNTING,10,22,Nebraska,751,113,8932.74,14.43850745,5270.055218,1631.551341,,
1262,HUNTING,10,22,Wyoming,850,266,8948.24,15.36072788,5606.665676,4085.953616,,
4199,HUNTING,10,22,Arizona,843,107,8961.57,15.29734706,5583.531678,1636.816136,,
1475,HUNTING,10,22,Nevada,759,282,8964.30,14.51520656,5298.050396,4093.288251,,
5271,HUNTING,32,32,Ohio,522,282,8965.91,14.51781416,5299.00217,4094.023595,,
6858,HUNTING,10,22,Hawaii,576,324,8972.28,12.64484687,4615.369108,4096.930386,,
1512,HUNTING,10,22,New Hampshire,706,293,8982.90,13.99924723,5109.725237,4101.779437,,
1565,HUNTING,10,22,North Dakota,981,249,8998.71,16.50200964,6023.233517,4109.000399,,
1291,HUNTING,35,35,Iowa,333,339,9003.08,12.12682558,4426.291337,4110.993872,,
9214,HUNTING,10,22,South Dakota,492,352,9008.90,11.68651132,4265.576632,4113.651984,,
4138,HUNTING,10,22,Tennessee,859,107,9046.21,15.44183525,5636.269866,1652.276372,,
1409,HUNTING,11,23,West Virginia,982,245,9057.76,16.88148527,6161.742124,4135.963891,,
7527,HUNTING,10,22,Tennessee,828,275,9130.49,15.16063881,5533.633165,4169.175672,,
1008,HUNTING,10,22,Utah,478,362,9132.06,11.51903986,4204.449548,4169.892428,,
7685,HUNTING,19,31,Indiana,437,320,9162.35,13.07412274,4772.054799,4183.719275,,
7983,HUNTING,19,31,Indiana,875,227,9196.99,18.50017624,6752.564328,4199.540007,,
5563,HUNTING,10,22,Delaware,685,305,9210.68,13.7894714,5033.157061,4205.788777,,
8314,HUNTING,10,22,New Hampshire,760,116,9224.68,14.52476548,5301.539399,1684.872795,,
3995,HUNTING,29,29,Wisconsin,825,97,9227.26,17.37468603,6341.760402,1685.344545,,
401,HUNTING,20,32,Minnesota,508,295,9252.60,14.32180768,5227.459804,4224.933266,,
4054,HUNTING,16,28,Virginia,740,262,9277.51,16.16910077,5901.721783,4236.304403,,
2366,HUNTING,32,32,Ohio,552,284,9285.34,14.92916508,5449.145254,4239.882883,,
481,HUNTING,10,22,Washington,720,300,9288.25,14.13736858,5160.139533,4241.210575,,
4506,HUNTING,11,23,West Virginia,605,321,9314.98,13.2505101,4836.436188,4253.413743,,
5964,HUNTING,10,22,Washington,836,112,9341.31,15.23370255,5560.301431,1706.174686,,
5963,HUNTING,10,22,Rhode Island,615,328,9385.51,13.06591687,4769.059656,4285.620732,,
2665,HUNTING,35,35,Iowa,627,258,9402.05,16.64020931,6073.676399,4293.174003,,
5171,HUNTING,29,29,Wisconsin,676,273,9403.08,15.72763201,5740.585684,4293.643539,,
4481,HUNTING,29,29,Wisconsin,915,235,9417.00,18.29787002,6678.722557,4299.999455,,
1804,HUNTING,29,29,Kentucky,598,291,9427.09,14.79246612,5399.250133,4304.60764,,
1707,HUNTING,16,28,Pennsylvania,403,361,9433.52,11.93225514,4355.273126,4307.544105,,
2211,HUNTING,15,27,South Carolina,710,277,9434.65,15.55256585,5676.686534,4308.060739,,
6942,HUNTING,29,29,Illinois,429,344,9438.90,12.52906428,4573.108461,4309.998112,,
7404,HUNTING,10,22,Arizona,958,106,9464.01,16.30741364,5952.205978,1728.585846,,
9299,HUNTING,10,22,Maine,526,358,9473.76,12.0835684,4410.502466,4325.917487,,
8289,HUNTING,19,31,New York,498,310,9475.29,13.95682106,5094.239688,4326.61453,,
8567,HUNTING,10,22,Florida,849,282,9480.90,15.3516895,5603.366667,4329.176438,,
4843,HUNTING,10,22,Idaho,610,333,9489.77,13.01269499,4749.63367,4333.227431,,
9819,HUNTING,16,28,Virginia,807,257,9503.51,16.88522201,6163.106035,4339.502058,,
3047,HUNTING,29,29,Kansas,799,254,9511.33,17.09871135,6241.029643,4343.072683,,
9283,HUNTING,10,22,Utah,707,311,9541.50,14.0091582,5113.342742,4356.8482,,
7044,HUNTING,11,23,Arkansas,545,347,9557.11,12.5763079,4590.352383,4363.978841,,
7811,HUNTING,10,22,Nevada,791,118,9573.19,14.81803357,5408.582254,1748.527962,,
9780,HUNTING,15,27,Georgia,545,321,9579.00,13.626086,4973.521388,4373.973605,,
7639,HUNTING,11,23,Arkansas,765,294,9593.50,14.89997802,5438.491978,4380.593539,,
7520,HUNTING,16,28,Virginia,435,354,9610.85,12.39694391,4524.884529,4388.518146,,
2707,HUNTING,10,22,Colorado,564,351,9618.18,12.51243645,4567.039304,4391.865193,,
3319,HUNTING,29,29,Kansas,591,299,9629.40,14.70563328,5367.556148,4396.984351,,
9622,HUNTING,10,22,New Mexico,803,118,9645.53,14.93001023,5449.453734,1761.741207,,
7837,HUNTING,10,22,Washington,537,361,9652.52,12.20926375,4456.381267,4407.544212,,
7176,HUNTING,11,23,West Virginia,845,282,9671.11,15.65969376,5715.788222,4416.03364,,
2433,HUNTING,16,28,Virginia,736,110,9711.49,16.12534129,5885.74957,1773.787542,,
2195,HUNTING,11,23,Arkansas,824,287,9719.51,15.46388161,5644.316788,4438.134022,,
5335,HUNTING,10,22,California,734,311,9721.98,14.2741535,5210.066026,4439.261738,,
1868,HUNTING,10,22,Arizona,998,107,9750.69,16.64437927,6075.198433,1780.948582,,
1561,HUNTING,29,29,Illinois,794,262,9780.15,17.04512704,6221.471369,4465.823284,,
4151,HUNTING,10,22,Florida,783,303,9782.95,14.74290998,5381.162142,4467.101723,,
6588,HUNTING,10,22,Texas,721,316,9790.42,14.14718279,5163.72172,4470.509763,,
6242,HUNTING,10,22,New Jersey,989,108,9797.34,16.56915949,6047.743215,1789.469225,,
8326,HUNTING,10,22,Oregon,840,294,9831.81,15.27010332,5573.587713,4489.410377,,
2498,HUNTING,10,22,New Jersey,910,283,9850.39,15.89362745,5801.174019,4497.896568,,
1413,HUNTING,10,22,Nebraska,841,118,9871.12,15.27918997,5576.904338,1802.944416,,
8715,HUNTING,10,22,California,778,307,9880.40,14.69576272,5363.953393,4511.599155,,
2601,HUNTING,35,35,Iowa,746,249,9897.78,18.15074386,6625.021509,4519.535221,,
9967,HUNTING,19,31,Indiana,567,304,9914.73,14.8923546,5435.709429,4527.275799,,
6708,HUNTING,10,22,Montana,772,310,9938.41,14.63898558,5343.229735,4538.085528,,
8840,HUNTING,10,22,California,639,341,9946.06,13.3184217,4861.22392,4541.581799,,
2408,HUNTING,10,22,Colorado,998,273,9951.18,16.64437927,6075.198433,4543.91554,,
1123,HUNTING,10,22,Connecticut,568,362,9954.72,12.5567284,4583.205865,4545.53568,,
8518,HUNTING,10,22,Louisiana,831,300,9978.57,15.1880789,5543.648798,4556.42367,,
744,HUNTING,13,25,Oklahoma,903,270,9979.59,16.8773739,6160.241473,4556.890952,,
1572,HUNTING,10,22,Montana,939,113,9988.44,16.14489143,5892.885371,1824.372731,,
7170,HUNTING,10,22,Nebraska,984,277,10025.91,16.5272228,6032.436324,4578.040717,,
7511,HUNTING,10,22,North Dakota,990,277,10056.43,16.5775341,6050.799947,4591.976946,,
6442,HUNTING,10,22,Florida,615,352,10072.25,13.06591687,4769.059656,4599.202736,,
7141,HUNTING,10,22,Wyoming,783,312,10073.54,14.74290998,5381.162142,4599.787913,,
920,HUNTING,10,22,Alabama,976,112,10093.21,16.45990186,6007.86418,1843.509009,,
83,HUNTING,10,22,New Mexico,768,317,10136.46,14.60101149,5329.369193,4628.520642,,
8768,HUNTING,16,28,Pennsylvania,797,276,10142.67,16.78027866,6124.801711,4631.35691,,
4339,HUNTING,29,29,Wisconsin,748,112,10144.79,16.54401024,6038.563737,1852.929147,,
391,HUNTING,12,24,North Carolina,603,343,10150.64,13.51310867,4932.284663,4634.996273,,
9026,HUNTING,10,22,Rhode Island,960,284,10153.14,16.32442711,5958.415897,4636.137301,,
2766,HUNTING,10,22,Oregon,629,352,10186.25,13.21379776,4823.036181,4651.25681,,
6916,HUNTING,10,22,Tennessee,867,300,10192.42,15.51357471,5662.454768,4654.072412,,
3077,HUNTING,10,22,Hawaii,777,317,10195.68,14.68631511,5360.505014,4655.561888,,
8942,HUNTING,13,25,Oklahoma,539,358,10223.10,13.03933308,4759.356574,4668.081243,,
46,HUNTING,29,29,Missouri,463,359,10233.38,13.01608832,4750.872236,4672.775706,,
6014,HUNTING,29,29,Missouri,688,295,10250.62,15.86661232,5791.313495,4680.650633,,
7417,HUNTING,15,27,South Carolina,899,107,10252.28,17.5005912,6387.715789,1872.563259,,
6402,HUNTING,10,22,Idaho,929,117,10286.80,16.05869278,5861.422865,1878.867055,,
5948,HUNTING,10,22,Maine,635,356,10351.02,13.27667106,4845.984936,4726.494896,,
8238,HUNTING,16,28,Pennsylvania,704,300,10361.48,15.7708949,5756.376638,4731.26847,,
7767,HUNTING,29,29,Illinois,782,280,10372.79,16.91583217,6174.278743,4736.433009,,
3193,HUNTING,10,22,North Dakota,996,114,10378.17,16.62769317,6069.108007,1895.557021,,
5153,HUNTING,29,29,Illinois,594,322,10396.41,14.74290998,5381.162142,4747.217013,,
7581,HUNTING,10,22,Montana,751,329,10403.09,14.43850745,5270.055218,4750.26895,,
5496,HUNTING,16,28,Virginia,945,260,10404.07,18.27199266,6669.277322,4750.718093,,
7286,HUNTING,10,22,Delaware,930,296,10415.49,16.06733345,5864.576711,4755.930703,,
4576,HUNTING,10,22,New Mexico,716,338,10435.65,14.09804342,5145.785849,4765.138676,,
3494,HUNTING,10,22,Wyoming,980,116,10475.08,16.49359668,6020.162788,1913.257215,,
5411,HUNTING,10,22,Idaho,974,291,10478.98,16.44302856,6001.705424,4784.921311,,
6314,HUNTING,10,22,New Mexico,918,120,10487.91,15.96333668,5826.617887,1915.600401,,
5216,HUNTING,10,22,Oregon,719,339,10488.43,14.12754756,5156.554858,4789.238621,,
2249,HUNTING,10,22,Alaska,955,118,10518.90,16.28186009,5942.878932,1921.25949,,
2797,HUNTING,29,29,Kentucky,949,258,10528.99,18.63472969,6801.676337,4807.76026,,
3680,HUNTING,17,29,Maryland,869,108,10544.06,17.83199277,6508.677362,1925.855219,,
8613,HUNTING,10,22,New Mexico,967,294,10548.90,16.38383516,5980.099832,4816.847536,,
6736,HUNTING,29,29,Wisconsin,520,350,10573.14,13.79404578,5034.82671,4827.916023,,
2736,HUNTING,29,29,Wisconsin,632,318,10590.58,15.20717453,5550.618704,4835.881501,,
1831,HUNTING,10,22,Idaho,792,328,10650.82,14.82739726,5412,4863.386301,,
3862,HUNTING,29,29,Illinois,883,273,10746.75,17.97505976,6560.896814,4907.191315,,
9657,HUNTING,10,22,Texas,971,299,10750.47,16.41768609,5992.455423,4908.888141,,
6966,HUNTING,10,22,Arizona,984,299,10822.19,16.5272228,6032.436324,4941.639619,,
3088,HUNTING,10,22,Hawaii,910,312,10859.80,15.89362745,5801.174019,4958.811764,,
6751,HUNTING,16,28,Pennsylvania,607,340,10904.04,14.64415623,5345.117024,4979.013118,,
6177,HUNTING,32,32,Ohio,884,264,10922.96,18.89261672,6895.805102,4987.650813,,
3824,HUNTING,32,32,Ohio,848,270,10941.37,18.50392705,6753.933372,4996.060303,,
9359,HUNTING,29,29,Kentucky,891,277,10953.50,18.05630339,6590.550736,5001.596038,,
851,HUNTING,20,32,Minnesota,986,251,10967.87,19.95282709,7282.781886,5008.159598,,
9557,HUNTING,10,22,Tennessee,845,328,11001.42,15.31548263,5590.151161,5023.478303,,
2002,HUNTING,13,25,Oklahoma,619,361,11047.34,13.9735361,5100.340675,5044.446531,,
2576,HUNTING,10,22,Utah,800,339,11063.46,14.90209495,5439.264656,5051.810188,,
9368,HUNTING,10,22,Louisiana,910,318,11068.64,15.89362745,5801.174019,5054.173529,,
5894,HUNTING,10,22,Florida,852,329,11080.57,15.37878871,5613.257878,5059.621484,,
969,HUNTING,10,22,New Jersey,961,310,11088.42,16.33292721,5961.518431,5063.207434,,
3421,HUNTING,21,33,Michigan,962,253,11089.20,20.01407386,7305.13696,5063.560687,,
8130,HUNTING,29,29,Kansas,916,277,11106.10,18.30786613,6682.371136,5071.278917,,
8689,HUNTING,19,31,New York,518,357,11128.82,14.23431981,5195.52673,5081.652171,,
8530,HUNTING,29,29,Kentucky,959,109,11179.18,18.73265328,6837.418446,2041.859207,,
3773,HUNTING,12,24,North Carolina,957,300,11184.54,17.02364609,6213.630823,5107.093827,,
765,HUNTING,10,22,Arizona,953,314,11184.65,16.26480208,5936.652761,5107.147854,,
1575,HUNTING,10,22,Colorado,836,336,11209.57,15.23370255,5560.301431,5118.524057,,
3233,HUNTING,10,22,Tennessee,741,359,11275.87,14.34205675,5234.850714,5148.798374,,
3083,HUNTING,17,29,Maryland,797,302,11294.58,17.0772978,6233.213698,5157.343936,,
8425,HUNTING,10,22,Alaska,943,319,11302.98,16.1792423,5905.42344,5161.178294,,
4644,HUNTING,11,23,Arkansas,750,350,11308.31,14.75317663,5384.90947,5163.611821,,
9765,HUNTING,10,22,New Jersey,808,348,11413.83,14.97642007,5466.393326,5211.794185,,
9141,HUNTING,10,22,North Dakota,979,318,11480.61,16.48517943,6017.090493,5242.28706,,
6819,HUNTING,35,35,Iowa,733,292,11505.46,17.99189889,6567.043094,5253.634475,,
8153,HUNTING,10,22,Maine,948,325,11546.06,16.2220786,5921.058689,5272.175545,,
7216,HUNTING,10,22,Idaho,814,353,11620.73,15.03192275,5486.651802,5306.268729,,
5787,HUNTING,10,22,New Mexico,917,334,11670.18,15.95463968,5823.443483,5328.849653,,
1694,HUNTING,32,32,Ohio,573,351,11692.15,15.21049306,5551.829969,5338.883066,,
8928,HUNTING,15,27,Georgia,822,321,11764.08,16.7343475,6108.036837,5371.725547,,
2788,HUNTING,10,22,Nebraska,812,358,11770.84,15.01344465,5479.907298,5374.813186,,
9831,HUNTING,29,29,Kentucky,887,120,11836.33,18.01572737,6575.740491,2161.887285,,
6324,HUNTING,10,22,Delaware,813,360,11843.89,15.02268654,5483.280587,5408.167155,,
3014,HUNTING,10,22,Tennessee,797,364,11857.06,14.87412728,5429.056456,5414.182328,,
3839,HUNTING,10,22,Arizona,802,363,11861.52,14.92071094,5446.059493,5416.218071,,
3586,HUNTING,16,28,Pennsylvania,652,357,11866.05,15.17727509,5539.705407,5418.287207,,
2701,HUNTING,10,22,Louisiana,816,361,11898.68,15.05037815,5493.388026,5433.186513,,
6555,HUNTING,13,25,Oklahoma,793,344,11915.17,15.81603401,5772.852415,5440.7157,,
2293,HUNTING,10,22,Connecticut,986,329,11920.12,16.54401024,6038.563737,5442.979368,,
1279,HUNTING,10,22,New Hampshire,866,352,11952.21,15.50462543,5659.188281,5457.62815,,
3065,HUNTING,29,29,Kentucky,798,321,12012.70,17.08800793,6237.122894,5485.250545,,
1841,HUNTING,29,29,Kansas,932,119,12031.76,18.46706796,6740.479805,2197.581087,,
3803,HUNTING,10,22,Oregon,993,335,12180.52,16.60263258,6059.960891,5561.881914,,
1664,HUNTING,10,22,Massachusetts,934,346,12201.02,16.10184979,5877.175172,5571.240026,,
5484,HUNTING,10,22,New Hampshire,892,356,12268.14,15.73565263,5743.513211,5601.892337,,
260,HUNTING,29,29,Illinois,828,322,12274.54,17.40624771,6353.280413,5604.811761,,
2586,HUNTING,10,22,Colorado,983,340,12299.92,16.51882269,6029.370282,5616.399715,,
2560,HUNTING,10,22,Nebraska,969,343,12319.77,16.40076936,5986.280815,5625.463889,,
9429,HUNTING,10,22,New Mexico,926,351,12324.21,16.03274282,5851.951128,5627.492728,,
1152,HUNTING,32,32,Ohio,626,355,12360.20,15.89839006,5802.912372,5643.928472,,
7768,HUNTING,16,28,Pennsylvania,935,311,12378.85,18.17505833,6633.896291,5652.443141,,
388,HUNTING,29,29,Missouri,928,308,12429.65,18.42739645,6725.999703,5675.638105,,
3845,HUNTING,35,35,Iowa,598,354,12598.62,16.25083222,5931.553759,5752.794605,,
3329,HUNTING,35,35,Iowa,611,351,12626.90,16.426522,5995.680529,5765.709221,,
6673,HUNTING,29,29,Illinois,803,337,12650.91,17.14145819,6256.632241,5776.671412,,
8751,HUNTING,19,31,Indiana,752,337,12657.70,17.15065692,6259.989776,5779.771383,,
4283,HUNTING,20,32,Minnesota,708,345,12774.56,16.90762513,6171.283173,5833.13067,,
264,HUNTING,10,22,Nevada,973,359,12921.04,16.43458541,5998.623675,5900.016163,,
2951,HUNTING,29,29,Kentucky,961,323,13264.73,18.75217663,6844.54447,6056.953051,,
9372,HUNTING,29,29,Wisconsin,820,352,13353.15,17.32195545,6322.513741,6097.32832,,
7867,HUNTING,16,28,Virginia,835,355,13353.21,17.17565253,6269.113175,6097.35665,,
5677,HUNTING,16,28,Virginia,952,333,13374.48,18.33954185,6693.932775,6107.067436,,
9013,HUNTING,19,31,Indiana,981,320,13727.78,19.58873283,7149.887482,6268.394504,,
6066,HUNTING,29,29,Kentucky,895,347,13752.29,18.09678842,6605.327774,6279.585582,,
4892,HUNTING,19,31,Indiana,829,349,13763.18,18.00732092,6572.672135,6284.555001,,
9482,HUNTING,29,29,Illinois,861,358,13916.14,17.74972247,6478.648702,6354.400644,,
5365,HUNTING,29,29,Wisconsin,909,354,14139.02,18.23777833,6656.789091,6456.173529,,
2998,HUNTING,29,29,Missouri,968,356,14673.10,18.82034888,6869.427341,6700.044202,,
2807,HUNTING,21,33,Michigan,979,334,14768.28,20.19013896,7369.400722,6743.506414,,
2563,HUNTING,20,32,Minnesota,979,342,14891.13,19.88187447,7256.88418,6799.601067,,