,ACTIVITY_TYPE,BASE_STATE_PRC_HUNTING,BASE_STATE_PRC_HUNTING_OVER_100_ACRES,STATE,ACREAGE,DURATION_days,TOTAL_ANNUAL_PRICE
3,HUNTING,10.0,22.0,North Dakota,676,364,4999.983199971776
8,HUNTING,16.0,28.0,Virginia,80,364,1252.1980673998823
28,HUNTING,10.0,22.0,North Dakota,194,364,2678.5272072540165
42,HUNTING,10.0,22.0,Vermont,618,364,4780.677357864678
61,HUNTING,21.0,33.0,Michigan,821,364,6748.58007287459
81,HUNTING,5.0,17.0,Nebraska,419,364,3460.312558136909
88,HUNTING,10.0,22.0,Wyoming,33,364,635.8065743604732
108,HUNTING,11.0,23.0,Arkansas,732,364,5319.898119325218
109,HUNTING,15.0,27.0,South Carolina,48,364,939.1485505499118
116,HUNTING,10.0,22.0,Texas,757,364,5291.065488160207
118,HUNTING,10.0,22.0,Mississippi,210,364,2786.7938567464944
119,HUNTING,10.0,22.0,California,832,364,5546.983324294386
123,HUNTING,20.0,32.0,Minnesota,471,364,5033.491035057081
128,HUNTING,5.0,17.0,South Dakota,268,364,2767.4240730325378
142,HUNTING,9.0,21.0,Louisiana,307,364,3292.021719247915
150,HUNTING,21.0,33.0,Michigan,276,364,3912.869535264369
157,HUNTING,10.0,22.0,New Hampshire,5,364,300.0
161,HUNTING,10.0,22.0,California,173,364,2529.4042776906977
170,HUNTING,29.0,29.0,Missouri,124,364,2458.6329534926517
187,HUNTING,15.0,27.0,Georgia,994,364,6716.746087206215
188,HUNTING,10.0,22.0,Idaho,967,364,5980.099831942608
191,HUNTING,10.0,22.0,Texas,361,364,3653.8338769024517
223,HUNTING,10.0,22.0,North Dakota,446,364,4061.2771390290523
224,HUNTING,10.0,22.0,Colorado,842,364,5580.218992118499
225,HUNTING,10.0,22.0,Nevada,110,364,2016.9333157048104
227,HUNTING,13.0,25.0,Oklahoma,655,364,5246.558395748589
234,HUNTING,10.0,22.0,Florida,607,364,4737.939847655308
240,HUNTING,19.0,31.0,New York,599,364,5586.992840518055
244,HUNTING,19.0,31.0,New York,861,364,6698.325984901004
245,HUNTING,16.0,28.0,Virginia,184,364,2942.8747849679235
250,HUNTING,20.0,32.0,Minnesota,953,364,7159.872624565328
257,HUNTING,10.0,22.0,Mississippi,497,364,4287.196519871698
258,HUNTING,5.0,17.0,South Dakota,274,364,2798.231227043255
281,HUNTING,10.0,22.0,New Jersey,350,364,3597.73539883077
282,HUNTING,10.0,22.0,New Mexico,340,364,3545.9667229121033
283,HUNTING,10.0,22.0,Maine,683,364,5025.804015279546
288,HUNTING,32.0,32.0,Ohio,992,364,7304.906844032988
293,HUNTING,10.0,22.0,Utah,305,364,3358.498176268673
295,HUNTING,10.0,22.0,Maine,532,364,4435.586094305915
317,HUNTING,5.0,17.0,South Dakota,745,364,4614.094168956676
319,HUNTING,20.0,32.0,Minnesota,416,364,4730.483273408754
322,HUNTING,10.0,22.0,Mississippi,336,364,3525.046382673567
331,HUNTING,10.0,22.0,Wyoming,680,364,5014.754231265975
342,HUNTING,10.0,22.0,California,300,364,3330.855745900744
345,HUNTING,29.0,29.0,Wisconsin,141,364,2621.7568537146994
346,HUNTING,10.0,22.0,Vermont,216,364,2826.3248220967102
351,HUNTING,10.0,22.0,Massachusetts,691,364,5055.152025409325
352,HUNTING,32.0,32.0,Ohio,937,364,7099.514349587583
353,HUNTING,10.0,22.0,Massachusetts,477,364,4200.049285425113
358,HUNTING,8.5,20.5,Tennessee,769,364,5147.827162988284
366,HUNTING,19.0,31.0,Indiana,692,364,6005.065528368529
373,HUNTING,10.0,22.0,Wyoming,127,364,2167.190346970012
374,HUNTING,5.0,17.0,South Dakota,232,364,2574.8522287696433
380,HUNTING,5.0,17.0,South Dakota,496,364,3764.862812905671
395,HUNTING,15.0,27.0,South Carolina,30,364,742.462120245875
397,HUNTING,16.0,28.0,Pennsylvania,720,364,5821.422506570023
399,HUNTING,10.0,22.0,Alabama,568,364,4583.205864894136
401,HUNTING,29.0,29.0,Kansas,586,364,5344.802522076939
408,HUNTING,10.0,22.0,Texas,866,364,5659.188281016987
415,HUNTING,11.0,23.0,West Virginia,403,364,3947.301483292098
418,HUNTING,35.0,35.0,Iowa,782,364,6782.991228064504
429,HUNTING,10.0,22.0,Oregon,331,364,3498.7200516760413
431,HUNTING,12.0,24.0,North Carolina,704,364,5329.36919344119
432,HUNTING,10.0,22.0,Nevada,166,364,2477.702968477053
433,HUNTING,10.0,22.0,Maine,362,364,3658.891088840989
438,HUNTING,10.0,22.0,Montana,830,364,5540.312265567709
441,HUNTING,5.0,17.0,Nebraska,427,364,3493.1903755735957
445,HUNTING,10.0,22.0,Colorado,422,364,3950.4941463062564
447,HUNTING,10.0,22.0,Arizona,447,364,4065.82759103236
452,HUNTING,29.0,29.0,Wisconsin,824,364,6337.915745732189
458,HUNTING,11.0,23.0,West Virginia,458,364,4208.046340049025
459,HUNTING,10.0,22.0,Alabama,750,364,5266.545357252703
460,HUNTING,29.0,29.0,Wisconsin,557,364,5210.872575682502
463,HUNTING,10.0,22.0,Maine,531,364,4431.415349524348
464,HUNTING,8.5,20.5,Tennessee,473,364,4037.303122134874
469,HUNTING,10.0,22.0,New Hampshire,866,364,5659.188281016987
471,HUNTING,16.0,28.0,Virginia,640,364,5488.489774063536
475,HUNTING,10.0,22.0,Delaware,557,364,4538.609258352167
479,HUNTING,29.0,29.0,Illinois,438,364,4620.829146376222
485,HUNTING,10.0,22.0,Maine,125,364,2150.058138748811
487,HUNTING,10.0,22.0,Idaho,837,364,5563.625975926132
490,HUNTING,10.0,22.0,Alabama,469,364,4164.679819625993
529,HUNTING,5.0,17.0,South Dakota,577,364,4060.656227754327
535,HUNTING,10.0,22.0,Alabama,659,364,4936.7132790957185
539,HUNTING,15.0,27.0,South Carolina,771,364,5915.520010954236
548,HUNTING,10.0,22.0,Texas,175,364,2543.983097428126
555,HUNTING,29.0,29.0,Missouri,673,364,5727.83353459229
561,HUNTING,29.0,29.0,Kansas,929,364,6729.622649153517
574,HUNTING,10.0,22.0,Arizona,641,364,4868.825525729999
583,HUNTING,10.0,22.0,Arizona,153,364,2378.706791515087
586,HUNTING,29.0,29.0,Kentucky,879,364,6546.01947751456
588,HUNTING,10.0,22.0,Delaware,662,364,4947.937348026953
591,HUNTING,10.0,22.0,Montana,933,364,5874.028089820477
592,HUNTING,10.0,22.0,Hawaii,575,364,4611.360970472817
607,HUNTING,10.0,22.0,Connecticut,966,364,5977.00694327855
608,HUNTING,10.0,22.0,Massachusetts,609,364,4745.73893087262
615,HUNTING,10.0,22.0,Maine,705,364,5106.105169304682
623,HUNTING,10.0,22.0,Mississippi,357,364,3633.5346427411423
624,HUNTING,15.0,27.0,Georgia,66,364,1101.2492905786592
625,HUNTING,10.0,22.0,Mississippi,391,364,3802.6256718220375
634,HUNTING,5.0,17.0,South Dakota,590,364,4106.145394405805
640,HUNTING,29.0,29.0,Kansas,194,364,3075.2733211862646
651,HUNTING,10.0,22.0,Wyoming,371,364,3704.0953011497963
661,HUNTING,15.0,27.0,Georgia,165,364,2736.5772417382996
662,HUNTING,10.0,22.0,Idaho,821,364,5510.192555619086
666,HUNTING,10.0,22.0,Alaska,487,364,4243.846604202371
669,HUNTING,32.0,32.0,Ohio,897,364,6946.324495731537
675,HUNTING,29.0,29.0,Missouri,119,364,2408.5537154068206
677,HUNTING,10.0,22.0,Hawaii,125,364,2150.058138748811
683,HUNTING,12.0,24.0,North Carolina,210,364,2910.7112532850115
688,HUNTING,11.0,23.0,West Virginia,153,364,2432.167551794078
702,HUNTING,10.0,22.0,Texas,847,364,5596.762814341876
704,HUNTING,29.0,29.0,Illinois,801,364,6248.835811573224
716,HUNTING,15.0,27.0,Georgia,945,364,6549.100319891275
725,HUNTING,29.0,29.0,Missouri,555,364,5201.508915689754
730,HUNTING,29.0,29.0,Kentucky,454,364,4704.47085228509
732,HUNTING,10.0,22.0,Utah,245,364,3010.081394248335
750,HUNTING,10.0,22.0,Oregon,922,364,5839.298245508617
761,HUNTING,9.0,21.0,Louisiana,2,364,300.0
781,HUNTING,10.0,22.0,Arizona,98,364,1095.673308974897
782,HUNTING,10.0,22.0,Alabama,354,364,3618.2354815572744
784,HUNTING,10.0,22.0,Massachusetts,305,364,3358.498176268673
806,HUNTING,29.0,29.0,Illinois,876,364,6534.839248214144
811,HUNTING,19.0,31.0,Indiana,690,364,5996.381408816487
813,HUNTING,10.0,22.0,New Hampshire,564,364,4567.039303531337
817,HUNTING,10.0,22.0,New Hampshire,790,364,5405.162347238055
826,HUNTING,5.0,17.0,Nebraska,972,364,5270.374180264624
833,HUNTING,10.0,22.0,Delaware,442,364,4043.0241156837046
835,HUNTING,9.0,21.0,Louisiana,146,364,2270.230384784769
839,HUNTING,10.0,22.0,Maine,333,364,3509.274283951028
848,HUNTING,10.0,22.0,Hawaii,689,364,5047.83101935871
869,HUNTING,10.0,22.0,Nevada,710,364,5124.179934389502
875,HUNTING,10.0,22.0,Mississippi,430,364,3987.7637843784073
877,HUNTING,10.0,22.0,Idaho,186,364,2622.718437041994
881,HUNTING,10.0,22.0,Rhode Island,69,364,919.3747875594588
890,HUNTING,5.0,17.0,South Dakota,129,364,1920.0085937307676
896,HUNTING,16.0,28.0,Pennsylvania,328,364,3929.160724633188
915,HUNTING,10.0,22.0,Vermont,42,364,717.2865536171719
928,HUNTING,29.0,29.0,Missouri,587,364,5349.360989875333
939,HUNTING,5.0,17.0,Nebraska,701,364,4475.765521114796
941,HUNTING,35.0,35.0,Iowa,975,364,7573.910812783579
948,HUNTING,11.0,23.0,West Virginia,909,364,5928.293768024658
956,HUNTING,10.0,22.0,Vermont,24,364,542.2176684690384
980,HUNTING,10.0,22.0,Florida,512,364,4351.411724946284
985,HUNTING,29.0,29.0,Illinois,712,364,5891.458902513026
986,HUNTING,8.5,20.5,Tennessee,752,364,5090.608608015352
988,HUNTING,10.0,22.0,Montana,993,364,6059.960890962911
993,HUNTING,5.0,17.0,South Dakota,307,364,2961.9485140697498
998,HUNTING,13.0,25.0,Oklahoma,37,364,767.6099269811458
999,HUNTING,29.0,29.0,Missouri,28,364,997.3464794142504
1000,HUNTING,5.0,17.0,Nebraska,176,364,2242.666270313084
1001,HUNTING,29.0,29.0,Illinois,376,364,4281.311014163769
1006,HUNTING,10.0,22.0,North Dakota,253,364,3058.830822389496
1007,HUNTING,29.0,29.0,Missouri,648,364,5620.440552127565
1011,HUNTING,17.0,29.0,Maryland,382,364,4315.335212935375
1026,HUNTING,10.0,22.0,Utah,267,364,3142.323026042994
1047,HUNTING,19.0,31.0,New York,235,364,3499.440669592785
1055,HUNTING,29.0,29.0,Wisconsin,170,364,2878.772307772881
1059,HUNTING,10.0,22.0,Texas,10,364,350.0
1066,HUNTING,8.5,20.5,Tennessee,965,364,5766.661295758578
1069,HUNTING,10.0,22.0,Utah,416,364,3922.3095237372586
1080,HUNTING,10.0,22.0,Vermont,406,364,3874.8796110330964
1093,HUNTING,15.0,27.0,Georgia,171,364,2785.888906614907
1104,HUNTING,10.0,22.0,Idaho,647,364,4891.559465037709
1110,HUNTING,10.0,22.0,Connecticut,430,364,3987.7637843784073
1118,HUNTING,10.0,22.0,Texas,799,364,5435.864052751871
1121,HUNTING,15.0,27.0,South Carolina,392,364,4218.021337072632
1140,HUNTING,10.0,22.0,Rhode Island,564,364,4567.039303531337
1144,HUNTING,16.0,28.0,Pennsylvania,570,364,5179.648636732032
1156,HUNTING,15.0,27.0,Georgia,548,364,4987.19119344747
1165,HUNTING,10.0,22.0,Alabama,310,364,3385.9149428182627
1169,HUNTING,15.0,27.0,Georgia,86,364,1257.0799497247579
1181,HUNTING,21.0,33.0,Michigan,906,364,7089.325637886865
1185,HUNTING,10.0,22.0,North Dakota,578,364,4623.374957755427
1191,HUNTING,10.0,22.0,Washington,678,364,5007.374162173224
1196,HUNTING,10.0,22.0,New Jersey,428,364,3978.4791063922908
1209,HUNTING,29.0,29.0,Wisconsin,61,364,1472.0818591369164
1228,HUNTING,10.0,22.0,Maine,257,364,3082.9164763256235
1234,HUNTING,10.0,22.0,Wyoming,233,364,2935.439660425675
1235,HUNTING,10.0,22.0,Oregon,765,364,5318.950084368154
1240,HUNTING,10.0,22.0,Utah,680,364,5014.754231265975
1249,HUNTING,16.0,28.0,Virginia,545,364,5064.78627387178
1265,HUNTING,29.0,29.0,Wisconsin,246,364,3462.983395859703
1285,HUNTING,10.0,22.0,New Hampshire,976,364,6007.864179556658
1301,HUNTING,10.0,22.0,Alabama,229,364,2910.133673905719
1307,HUNTING,10.0,22.0,Colorado,510,364,4342.904558011838
1308,HUNTING,10.0,22.0,Rhode Island,351,364,3602.871354905695
1321,HUNTING,29.0,29.0,Kansas,343,364,4089.120565598427
1335,HUNTING,29.0,29.0,Kentucky,89,364,1778.1240114232753
1355,HUNTING,10.0,22.0,Alaska,652,364,4910.424014278196
1367,HUNTING,10.0,22.0,Vermont,6,364,300.0
1370,HUNTING,10.0,22.0,Vermont,382,364,3758.6066567279954
1372,HUNTING,35.0,35.0,Iowa,377,364,4709.649137674695
1398,HUNTING,10.0,22.0,Colorado,789,364,5401.740275133561
1403,HUNTING,10.0,22.0,Colorado,784,364,5384.597292277297
1406,HUNTING,29.0,29.0,Wisconsin,206,364,3168.9578728660945
1428,HUNTING,10.0,22.0,Alabama,566,364,4575.129724936769
1432,HUNTING,29.0,29.0,Wisconsin,740,364,6006.185145331437
1438,HUNTING,9.0,21.0,Louisiana,399,364,3753.0119903885197
1442,HUNTING,10.0,22.0,Alaska,716,364,5145.785848633812
1444,HUNTING,10.0,22.0,Montana,499,364,4295.814009009236
1445,HUNTING,10.0,22.0,Connecticut,632,364,4834.524175138646
1455,HUNTING,10.0,22.0,Oregon,639,364,4861.2239199608985
1474,HUNTING,10.0,22.0,Wyoming,617,364,4776.807929988393
1478,HUNTING,29.0,29.0,Illinois,36,364,1130.8846094982457
1479,HUNTING,10.0,22.0,North Dakota,277,364,3200.627126048894
1482,HUNTING,10.0,22.0,Colorado,234,364,2941.732142802944
1492,HUNTING,15.0,27.0,South Carolina,963,364,6611.17848798533
1494,HUNTING,10.0,22.0,Rhode Island,871,364,5675.501916130414
1515,HUNTING,10.0,22.0,New Hampshire,180,364,2580.069766498573
1548,HUNTING,10.0,22.0,Delaware,6,364,300.0
1553,HUNTING,35.0,35.0,Iowa,91,364,1975.2531483331447
1554,HUNTING,10.0,22.0,Hawaii,55,364,820.8227579691003
1557,HUNTING,35.0,35.0,Iowa,60,364,1603.901493234544
1562,HUNTING,10.0,22.0,Montana,405,364,3870.104649747859
1574,HUNTING,19.0,31.0,Indiana,795,364,6436.477685815433
1579,HUNTING,20.0,32.0,Minnesota,828,364,6673.812703395263
1600,HUNTING,29.0,29.0,Kentucky,779,364,6162.424117179862
1608,HUNTING,10.0,22.0,Delaware,56,364,828.2511696339462
1613,HUNTING,10.0,22.0,Delaware,545,364,4489.4531961030625
1637,HUNTING,10.0,22.0,Mississippi,586,364,4655.260680133821
1646,HUNTING,10.0,22.0,Hawaii,682,364,5022.12345527268
1666,HUNTING,16.0,28.0,Virginia,446,364,4581.738534661269
1680,HUNTING,10.0,22.0,Hawaii,512,364,4351.411724946284
1688,HUNTING,19.0,31.0,New York,296,364,3927.4490448635997
1689,HUNTING,10.0,22.0,Rhode Island,706,364,5109.72523723145
1694,HUNTING,10.0,22.0,North Dakota,326,364,3472.1941189973813
1712,HUNTING,9.0,21.0,Louisiana,308,364,3297.3789591128284
1713,HUNTING,29.0,29.0,Illinois,500,364,4937.053777304841
1716,HUNTING,10.0,22.0,New Mexico,415,364,3917.5923728739313
1721,HUNTING,10.0,22.0,Alaska,701,364,5091.599159399726
1744,HUNTING,10.0,22.0,Idaho,172,364,2522.083265873671
1751,HUNTING,10.0,22.0,California,950,364,5927.3012408683935
1755,HUNTING,10.0,22.0,Utah,607,364,4737.939847655308
1766,HUNTING,10.0,22.0,Vermont,148,364,2339.5161893006853
1770,HUNTING,10.0,22.0,Alabama,709,364,5120.570085449471
1773,HUNTING,10.0,22.0,Delaware,961,364,5961.518430735579
1776,HUNTING,15.0,27.0,South Carolina,793,364,5999.324211942542
1778,HUNTING,29.0,29.0,Illinois,861,364,6478.648701696983
1804,HUNTING,17.0,29.0,Maryland,215,364,3237.4426635849472
1822,HUNTING,10.0,22.0,Maine,814,364,5486.651802328994
1833,HUNTING,10.0,22.0,California,475,364,4191.234901553479
1839,HUNTING,10.0,22.0,Alabama,346,364,3577.1178342347066
1844,HUNTING,10.0,22.0,Alabama,686,364,5036.829558363078
1870,HUNTING,35.0,35.0,Iowa,54,364,1521.594558349891
1874,HUNTING,13.0,25.0,Oklahoma,776,364,5710.639193645489
1876,HUNTING,20.0,32.0,Minnesota,679,364,6043.572453441755
1883,HUNTING,32.0,32.0,Ohio,546,364,5419.449418529523
1884,HUNTING,10.0,22.0,Arizona,895,364,5753.163477600823
1892,HUNTING,10.0,22.0,Nevada,404,364,3865.323789800798
1908,HUNTING,5.0,17.0,Nebraska,819,364,4837.826268067095
1921,HUNTING,10.0,22.0,California,93,364,1067.3565477383834
1924,HUNTING,10.0,22.0,New Hampshire,94,364,1073.0796801729125
1926,HUNTING,29.0,29.0,Illinois,914,364,6675.071984630577
1928,HUNTING,11.0,23.0,Arkansas,959,364,6089.1556885992
1943,HUNTING,10.0,22.0,Delaware,638,364,4857.418656035323
1954,HUNTING,13.0,25.0,Oklahoma,107,364,2120.536488721663
1959,HUNTING,29.0,29.0,Kentucky,615,364,5475.457515130585
1961,HUNTING,10.0,22.0,Hawaii,904,364,5782.017640927776
1966,HUNTING,5.0,17.0,South Dakota,800,364,4781.380553773146
1970,HUNTING,5.0,17.0,Nebraska,344,364,3135.3609042660464
1973,HUNTING,10.0,22.0,Mississippi,390,364,3797.759866026287
1982,HUNTING,10.0,22.0,Texas,129,364,2184.188178706221
1983,HUNTING,11.0,23.0,Arkansas,200,364,2780.75529308136
1990,HUNTING,10.0,22.0,Arizona,991,364,6053.855135366223
1991,HUNTING,11.0,23.0,Arkansas,476,364,4289.940325925292
2002,HUNTING,10.0,22.0,Massachusetts,788,364,5398.316033727555
2010,HUNTING,10.0,22.0,New Hampshire,540,364,4468.8119226478975
2025,HUNTING,8.5,20.5,Tennessee,521,364,4237.206686013795
2028,HUNTING,15.0,27.0,South Carolina,765,364,5892.457466965715
2033,HUNTING,10.0,22.0,Florida,686,364,5036.829558363078
2041,HUNTING,21.0,33.0,Michigan,542,364,5483.280587385621
2058,HUNTING,10.0,22.0,Washington,604,364,4726.217091924576
2075,HUNTING,10.0,22.0,Utah,508,364,4334.380693940024
2082,HUNTING,5.0,17.0,South Dakota,382,364,3303.9996973365483
2089,HUNTING,10.0,22.0,Alabama,682,364,5022.12345527268
2095,HUNTING,11.0,23.0,Arkansas,878,364,5826.329376202481
2097,HUNTING,29.0,29.0,Kentucky,646,364,5611.760329878674
2118,HUNTING,17.0,29.0,Maryland,982,364,6918.924627425855
2131,HUNTING,11.0,23.0,West Virginia,371,364,3787.343792158298
2147,HUNTING,10.0,22.0,Oregon,147,364,2331.5990221305206
2155,HUNTING,29.0,29.0,Kansas,749,364,6042.598861417164
2158,HUNTING,10.0,22.0,Washington,932,364,5870.87932085135
2160,HUNTING,10.0,22.0,Vermont,400,364,3846.1409230552126
2172,HUNTING,10.0,22.0,New Jersey,377,364,3733.9274229690113
2182,HUNTING,10.0,22.0,Connecticut,17,364,456.34416836418546
2190,HUNTING,10.0,22.0,Idaho,97,364,1090.0688051678205
2192,HUNTING,10.0,22.0,Mississippi,107,364,1989.2395531961454
2200,HUNTING,10.0,22.0,Massachusetts,644,364,4880.205733368215
2208,HUNTING,13.0,25.0,Oklahoma,72,364,1070.7940978544848
2210,HUNTING,10.0,22.0,Utah,419,364,3936.4270601650937
2220,HUNTING,10.0,22.0,Texas,569,364,4587.238602906982
2225,HUNTING,10.0,22.0,Montana,581,364,4635.357807116943
2234,HUNTING,10.0,22.0,Washington,12,364,383.40579025361626
2239,HUNTING,10.0,22.0,Florida,633,364,4838.347445151082
2253,HUNTING,10.0,22.0,New Mexico,921,364,5836.130738768624
2274,HUNTING,13.0,25.0,Oklahoma,8,364,356.9313659514949
2287,HUNTING,21.0,33.0,Michigan,833,364,6797.720868055704
2295,HUNTING,10.0,22.0,Colorado,593,364,4682.982596593756
2296,HUNTING,29.0,29.0,Kentucky,647,364,5616.102118017442
2297,HUNTING,10.0,22.0,Oregon,907,364,5791.603750257782
2311,HUNTING,15.0,27.0,South Carolina,143,364,2547.6147667965815
2312,HUNTING,11.0,23.0,Arkansas,306,364,3439.6043377109527
2315,HUNTING,10.0,22.0,Delaware,453,364,4093.0240654068966
2320,HUNTING,10.0,22.0,Alaska,882,364,5711.227888991998
2323,HUNTING,10.0,22.0,Massachusetts,702,364,5095.229533593163
2329,HUNTING,10.0,22.0,Arizona,518,364,4376.8340155870665
2336,HUNTING,5.0,17.0,South Dakota,620,364,4209.244587809077
2343,HUNTING,17.0,29.0,Maryland,849,364,6433.342910182855
2383,HUNTING,10.0,22.0,Montana,677,364,5003.680045726345
2402,HUNTING,10.0,22.0,Alabama,895,364,5753.163477600823
2419,HUNTING,10.0,22.0,Idaho,135,364,2234.4059613239488
2421,HUNTING,11.0,23.0,Arkansas,968,364,6117.661644778992
2422,HUNTING,10.0,22.0,Alaska,697,364,5077.051703498793
2430,HUNTING,16.0,28.0,Virginia,544,364,5060.137547537616
2434,HUNTING,10.0,22.0,Mississippi,118,364,2088.989229268547
2436,HUNTING,10.0,22.0,Wyoming,715,364,5142.191167197113
2444,HUNTING,10.0,22.0,Washington,587,364,4659.23105243773
2447,HUNTING,10.0,22.0,Florida,989,364,6047.743215448221
2451,HUNTING,10.0,22.0,Mississippi,726,364,5181.595507177301
2453,HUNTING,10.0,22.0,Florida,319,364,3434.713670744623
2459,HUNTING,15.0,27.0,South Carolina,136,364,2484.478214837071
2469,HUNTING,10.0,22.0,Nevada,740,364,5231.317233737599
2472,HUNTING,32.0,32.0,Ohio,509,364,5232.6024118023715
2527,HUNTING,10.0,22.0,Hawaii,373,364,3714.06596602699
2539,HUNTING,12.0,24.0,North Carolina,249,364,3169.488286774381
2544,HUNTING,16.0,28.0,Virginia,251,364,3437.1598740820887
2549,HUNTING,10.0,22.0,Washington,38,364,682.2756041366274
2563,HUNTING,10.0,22.0,Alaska,37,364,673.238442158497
2569,HUNTING,10.0,22.0,New Mexico,903,364,5778.818737423765
2570,HUNTING,17.0,29.0,Maryland,988,364,6940.029682933639
2572,HUNTING,10.0,22.0,New Mexico,412,364,3903.406717215105
2575,HUNTING,10.0,22.0,Alaska,601,364,4714.465187059928
2580,HUNTING,10.0,22.0,New Jersey,477,364,4200.049285425113
2598,HUNTING,10.0,22.0,Mississippi,955,364,5942.878931965551
2610,HUNTING,10.0,22.0,Utah,686,364,5036.829558363078
2614,HUNTING,9.0,21.0,Louisiana,520,364,4284.450956657107
2619,HUNTING,19.0,31.0,New York,196,364,3195.8967442644325
2620,HUNTING,10.0,22.0,Vermont,652,364,4910.424014278196
2627,HUNTING,32.0,32.0,Ohio,883,364,6891.9036557398285
2628,HUNTING,10.0,22.0,New Hampshire,611,364,4753.525218193336
2641,HUNTING,29.0,29.0,Kansas,490,364,4887.433887020877
2644,HUNTING,10.0,22.0,Idaho,467,364,4155.790418199647
2648,HUNTING,19.0,31.0,New York,149,364,2786.492239357576
2654,HUNTING,15.0,27.0,Georgia,536,364,4932.2846633178015
2655,HUNTING,10.0,22.0,Utah,66,364,899.166280506559
2659,HUNTING,29.0,29.0,Illinois,320,364,3949.643021843873
2662,HUNTING,10.0,22.0,California,683,364,5025.804015279546
2664,HUNTING,29.0,29.0,Missouri,874,364,6527.375123278882
2666,HUNTING,32.0,32.0,Ohio,903,364,6969.517630367255
2679,HUNTING,10.0,22.0,Florida,609,364,4745.73893087262
2699,HUNTING,10.0,22.0,Rhode Island,677,364,5003.680045726345
2702,HUNTING,10.0,22.0,Washington,643,364,4876.415281741291
2705,HUNTING,10.0,22.0,Alabama,388,364,3788.00950368396
2710,HUNTING,10.0,22.0,Vermont,147,364,2331.5990221305206
2711,HUNTING,19.0,31.0,Indiana,287,364,3867.2803105024595
2712,HUNTING,10.0,22.0,Massachusetts,504,364,4317.282478596924
2721,HUNTING,10.0,22.0,Texas,31,364,616.2385901580653
2726,HUNTING,17.0,29.0,Maryland,94,364,1399.124726391468
2729,HUNTING,19.0,31.0,New York,775,364,6355.0
2730,HUNTING,10.0,22.0,Texas,415,364,3917.5923728739313
2745,HUNTING,10.0,22.0,Massachusetts,729,364,5192.290246124537
2760,HUNTING,29.0,29.0,Wisconsin,65,364,1519.5805342264687
2765,HUNTING,10.0,22.0,Rhode Island,144,364,2307.684553833127
2768,HUNTING,29.0,29.0,Kentucky,608,364,5444.207196644888
2772,HUNTING,10.0,22.0,Rhode Island,293,364,3291.7663951137242
2774,HUNTING,10.0,22.0,Idaho,269,364,3154.0700689743717
2776,HUNTING,10.0,22.0,Mississippi,640,364,4865.026207534755
2786,HUNTING,10.0,22.0,Alaska,58,364,842.9116205154608
2798,HUNTING,10.0,22.0,New Mexico,697,364,5077.051703498793
2809,HUNTING,15.0,27.0,South Carolina,417,364,4350.445839221539
2817,HUNTING,10.0,22.0,Massachusetts,52,364,798.1227975693965
2820,HUNTING,9.0,21.0,Louisiana,419,364,3845.9223861123355
2826,HUNTING,32.0,32.0,Ohio,437,364,4848.41252370299
2827,HUNTING,16.0,28.0,Pennsylvania,517,364,4932.96624760397
2836,HUNTING,29.0,29.0,Illinois,110,364,2315.683484416642
2847,HUNTING,10.0,22.0,Florida,232,364,2929.133660316647
2850,HUNTING,10.0,22.0,Hawaii,851,364,5609.9627449743375
2852,HUNTING,21.0,33.0,Michigan,172,364,3088.9085451013275
2856,HUNTING,10.0,22.0,North Dakota,124,364,2141.4406365808977
2857,HUNTING,17.0,29.0,Maryland,532,364,5092.58951811355
2871,HUNTING,10.0,22.0,Massachusetts,941,364,5899.157736490863
2877,HUNTING,10.0,22.0,Mississippi,744,364,5245.436874083988
2882,HUNTING,10.0,22.0,Colorado,422,364,3950.4941463062564
2887,HUNTING,9.0,21.0,Louisiana,744,364,5124.835997375916
2891,HUNTING,10.0,22.0,North Dakota,909,364,5797.985684701197
2895,HUNTING,20.0,32.0,Minnesota,985,364,7279.087854944464
2896,HUNTING,10.0,22.0,Connecticut,265,364,3130.5319036866563
2897,HUNTING,10.0,22.0,Delaware,779,364,5367.399556582312
2900,HUNTING,10.0,22.0,Alabama,95,364,1078.7724505195708
2903,HUNTING,10.0,22.0,Colorado,790,364,5405.162347238055
2918,HUNTING,29.0,29.0,Missouri,688,364,5791.313495227141
2938,HUNTING,11.0,23.0,West Virginia,862,364,5772.998007967783
2939,HUNTING,10.0,22.0,Colorado,1,364,300.0
2946,HUNTING,10.0,22.0,Rhode Island,816,364,5493.388025617706
2961,HUNTING,10.0,22.0,Maine,512,364,4351.411724946284
2968,HUNTING,19.0,31.0,Indiana,542,364,5314.523685148087
2972,HUNTING,16.0,28.0,Pennsylvania,272,364,3578.057573600514
2976,HUNTING,10.0,22.0,Delaware,512,364,4351.411724946284
2978,HUNTING,10.0,22.0,Arizona,653,364,4914.188234083022
2994,HUNTING,10.0,22.0,Massachusetts,93,364,1067.3565477383834
3001,HUNTING,5.0,17.0,South Dakota,211,364,2455.5543162390036
3044,HUNTING,8.5,20.5,Tennessee,306,364,3247.293180481245
3045,HUNTING,10.0,22.0,Alabama,697,364,5077.051703498793
3048,HUNTING,10.0,22.0,Nevada,705,364,5106.105169304682
3058,HUNTING,12.0,24.0,North Carolina,274,364,3324.7941289649802
3059,HUNTING,10.0,22.0,Maine,456,364,4106.554760380044
3065,HUNTING,9.0,21.0,Louisiana,395,364,3734.1525142929017
3071,HUNTING,16.0,28.0,Pennsylvania,73,364,1196.1605243444542
3075,HUNTING,21.0,33.0,Michigan,975,364,7354.33035700736
3080,HUNTING,11.0,23.0,Arkansas,240,364,3046.1648018451006
3099,HUNTING,12.0,24.0,North Carolina,815,364,5734.1398657514455
3104,HUNTING,5.0,17.0,South Dakota,907,364,5091.103907798386
3105,HUNTING,10.0,22.0,Texas,363,364,3663.941320490818
3127,HUNTING,10.0,22.0,Massachusetts,524,364,4402.109494322011
3131,HUNTING,10.0,22.0,California,277,364,3200.627126048894
3132,HUNTING,10.0,22.0,Arizona,437,364,4020.091292495731
3135,HUNTING,5.0,17.0,South Dakota,831,364,4873.139337224004
3137,HUNTING,21.0,33.0,Michigan,769,364,6531.365630555375
3142,HUNTING,10.0,22.0,Maine,892,364,5743.513210570687
3155,HUNTING,10.0,22.0,Washington,375,364,3724.0099355399143
3159,HUNTING,12.0,24.0,North Carolina,88,364,1137.3653766490345
3163,HUNTING,10.0,22.0,Rhode Island,432,364,3997.0268950808927
3176,HUNTING,10.0,22.0,Rhode Island,234,364,2941.732142802944
3183,HUNTING,10.0,22.0,Vermont,299,364,3325.2996857426247
3185,HUNTING,10.0,22.0,Vermont,551,364,4514.098138055929
3186,HUNTING,29.0,29.0,Illinois,435,364,4604.977198640619
3193,HUNTING,10.0,22.0,Utah,880,364,5704.748898943757
3194,HUNTING,16.0,28.0,Pennsylvania,392,364,4295.422680016485
3198,HUNTING,10.0,22.0,Oregon,848,364,5600.0657139001505
3200,HUNTING,10.0,22.0,Delaware,403,364,3860.537009277336
3201,HUNTING,10.0,22.0,Oregon,502,364,4308.707926977646
3219,HUNTING,16.0,28.0,Pennsylvania,41,364,896.4373932405988
3221,HUNTING,29.0,29.0,Kansas,686,364,5782.889762048037
3233,HUNTING,10.0,22.0,Florida,570,364,4591.26779876757
3235,HUNTING,10.0,22.0,Idaho,598,364,4702.683914532211
3246,HUNTING,29.0,29.0,Missouri,771,364,6130.699715366917
3265,HUNTING,10.0,22.0,Texas,506,364,4325.840034028073
3273,HUNTING,10.0,22.0,Nevada,85,364,1020.4165815979276
3285,HUNTING,10.0,22.0,Colorado,541,364,4472.947797593887
3305,HUNTING,29.0,29.0,Illinois,981,364,6915.400856060334
3311,HUNTING,10.0,22.0,Washington,699,364,5084.330634410001
3316,HUNTING,10.0,22.0,New Jersey,116,364,2071.2102742116745
3328,HUNTING,12.0,24.0,North Carolina,40,364,766.8115805072325
3330,HUNTING,10.0,22.0,North Dakota,623,364,4799.977708281571
3339,HUNTING,10.0,22.0,New Mexico,40,364,700.0
3346,HUNTING,21.0,33.0,Michigan,829,364,6781.380169257583
3349,HUNTING,10.0,22.0,Texas,14,364,414.1255848169731
3353,HUNTING,10.0,22.0,New Hampshire,496,364,4282.881273161795
3369,HUNTING,10.0,22.0,Arizona,520,364,4385.275361935668
3376,HUNTING,10.0,22.0,Nevada,204,364,2746.694012808853
3390,HUNTING,10.0,22.0,Arizona,643,364,4876.415281741291
3401,HUNTING,10.0,22.0,Alabama,433,364,4001.650409518553
3403,HUNTING,10.0,22.0,Alabama,980,364,6020.16278849667
3410,HUNTING,10.0,22.0,Mississippi,381,364,3753.683790624884
3411,HUNTING,10.0,22.0,Hawaii,651,364,4906.656906693192
3412,HUNTING,10.0,22.0,Colorado,144,364,2307.684553833127
3414,HUNTING,11.0,23.0,Arkansas,713,364,5250.40179414871
3431,HUNTING,10.0,22.0,Utah,858,364,5632.988194555355
3437,HUNTING,10.0,22.0,Oregon,736,364,5217.159380352492
3440,HUNTING,10.0,22.0,Maine,193,364,2671.6148674537653
3443,HUNTING,10.0,22.0,New Mexico,822,364,5513.547315476671
3459,HUNTING,10.0,22.0,Alabama,838,364,5566.948535777927
3472,HUNTING,19.0,31.0,Indiana,74,364,1312.3833281476873
3474,HUNTING,10.0,22.0,Massachusetts,535,364,4448.0748644778905
3477,HUNTING,10.0,22.0,New Hampshire,116,364,2071.2102742116745
3483,HUNTING,10.0,22.0,North Dakota,330,364,3493.43097827909
3486,HUNTING,10.0,22.0,North Dakota,968,364,5983.191121801142
3488,HUNTING,15.0,27.0,South Carolina,12,364,469.5742752749559
3494,HUNTING,10.0,22.0,Vermont,25,364,553.3985905294663
3498,HUNTING,15.0,27.0,Georgia,864,364,6262.137654188065
3508,HUNTING,9.0,21.0,Louisiana,257,364,3012.035358358198
3517,HUNTING,10.0,22.0,New Jersey,738,364,5224.243103072444
3522,HUNTING,10.0,22.0,Rhode Island,290,364,3274.870989825401
3550,HUNTING,29.0,29.0,Kansas,25,364,942.4038412485381
3552,HUNTING,10.0,22.0,Oregon,359,364,3643.6983958609967
3553,HUNTING,19.0,31.0,Indiana,302,364,3967.054574870379
3555,HUNTING,29.0,29.0,Wisconsin,455,364,4709.649137674695
3558,HUNTING,10.0,22.0,Arizona,553,364,4522.283272861177
3562,HUNTING,10.0,22.0,Florida,634,364,4842.167696393837
3572,HUNTING,10.0,22.0,Washington,37,364,673.238442158497
3579,HUNTING,16.0,28.0,Virginia,135,364,2520.7498884260613
3591,HUNTING,10.0,22.0,New Jersey,608,364,4741.840992694715
3599,HUNTING,29.0,29.0,Illinois,602,364,5417.277729635061
3603,HUNTING,10.0,22.0,Alabama,174,364,2536.7041609143153
3606,HUNTING,5.0,17.0,South Dakota,635,364,4259.858565727271
3610,HUNTING,17.0,29.0,Maryland,716,364,5907.984766398776
3617,HUNTING,10.0,22.0,Idaho,855,364,5623.13168972593
3618,HUNTING,10.0,22.0,North Dakota,471,364,4173.550287225494
3636,HUNTING,20.0,32.0,Minnesota,715,364,6201.7158915900045
3642,HUNTING,10.0,22.0,Alaska,32,364,626.0990336999412
3645,HUNTING,15.0,27.0,Georgia,926,364,6482.928504927383
3652,HUNTING,10.0,22.0,Vermont,51,364,790.411285344535
3679,HUNTING,10.0,22.0,Washington,930,364,5864.576711067901
3689,HUNTING,10.0,22.0,Delaware,213,364,2806.6289387804723
3691,HUNTING,10.0,22.0,Mississippi,54,364,813.3265027035575
3692,HUNTING,10.0,22.0,Nevada,274,364,3183.248026780194
3700,HUNTING,29.0,29.0,Illinois,72,364,1599.3123522314208
3718,HUNTING,10.0,22.0,Idaho,484,364,4230.7550153607335
3721,HUNTING,10.0,22.0,North Dakota,242,364,2991.595560900571
3725,HUNTING,10.0,22.0,Wyoming,848,364,5600.0657139001505
3728,HUNTING,10.0,22.0,Arizona,666,364,4962.863286450675
3737,HUNTING,10.0,22.0,New Jersey,765,364,5318.950084368154
3751,HUNTING,10.0,22.0,Mississippi,143,364,2299.657800630346
3768,HUNTING,32.0,32.0,Ohio,900,364,6957.930726875627
3769,HUNTING,10.0,22.0,Alabama,967,364,5980.099831942608
3771,HUNTING,10.0,22.0,North Dakota,772,364,5343.229734907531
3779,HUNTING,10.0,22.0,Maine,335,364,3519.7968691388996
3789,HUNTING,29.0,29.0,Kentucky,133,364,2546.294759056775
3791,HUNTING,29.0,29.0,Wisconsin,453,364,4699.2868607906885
3812,HUNTING,10.0,22.0,Mississippi,660,364,4940.457468696599
3814,HUNTING,10.0,22.0,Florida,741,364,5234.850714203797
3823,HUNTING,10.0,22.0,Idaho,253,364,3058.830822389496
3825,HUNTING,10.0,22.0,Idaho,159,364,2424.8995855498843
3845,HUNTING,10.0,22.0,California,373,364,3714.06596602699
3851,HUNTING,10.0,22.0,Alaska,668,364,4970.30944710689
3855,HUNTING,10.0,22.0,California,894,364,5749.948521508693
3859,HUNTING,20.0,32.0,Minnesota,398,364,4627.009401330411
3869,HUNTING,10.0,22.0,North Dakota,790,364,5405.162347238055
3872,HUNTING,10.0,22.0,Montana,85,364,1020.4165815979276
3878,HUNTING,12.0,24.0,North Carolina,832,364,5793.635128311068
3888,HUNTING,10.0,22.0,Alaska,216,364,2826.3248220967102
3889,HUNTING,11.0,23.0,Arkansas,14,364,434.33857760968
3912,HUNTING,29.0,29.0,Illinois,827,364,6349.442731452895
3938,HUNTING,19.0,31.0,New York,680,364,5952.770783425144
3940,HUNTING,10.0,22.0,Colorado,494,364,4274.237709814465
3950,HUNTING,10.0,22.0,Vermont,179,364,2572.892924316906
3967,HUNTING,10.0,22.0,Florida,972,364,5995.540342621339
3973,HUNTING,10.0,22.0,Hawaii,74,364,952.102935611481
3974,HUNTING,10.0,22.0,Washington,218,364,2839.379509681649
3976,HUNTING,10.0,22.0,Nevada,136,364,2242.666270313084
3978,HUNTING,10.0,22.0,Alabama,354,364,3618.2354815572744
3994,HUNTING,10.0,22.0,Rhode Island,979,364,6017.090492920976
4005,HUNTING,10.0,22.0,Washington,10,364,350.0
4029,HUNTING,10.0,22.0,Montana,890,364,5737.070681105472
4040,HUNTING,15.0,27.0,South Carolina,651,364,5435.709429320151
4057,HUNTING,10.0,22.0,Utah,352,364,3608.0
4061,HUNTING,5.0,17.0,Nebraska,19,364,341.1378020683137
4073,HUNTING,10.0,22.0,Texas,542,364,4477.079851867733
4078,HUNTING,10.0,22.0,Florida,522,364,4393.700490474971
4079,HUNTING,19.0,31.0,Indiana,956,364,7058.194953385744
4080,HUNTING,10.0,22.0,Delaware,999,364,6078.241357498071
4088,HUNTING,10.0,22.0,Mississippi,415,364,3917.5923728739313
4095,HUNTING,11.0,23.0,West Virginia,945,364,6044.545888650363
4096,HUNTING,10.0,22.0,New Jersey,561,364,4554.876727201297
4108,HUNTING,9.0,21.0,Louisiana,813,364,5357.211308134111
4111,HUNTING,29.0,29.0,Kansas,158,364,2775.3093521263536
4130,HUNTING,19.0,31.0,New York,426,364,4711.611826116408
4140,HUNTING,16.0,28.0,Pennsylvania,395,364,4311.82791864425
4183,HUNTING,10.0,22.0,Hawaii,719,364,5156.554857654479
4193,HUNTING,10.0,22.0,North Dakota,397,364,3831.6907495255928
4196,HUNTING,10.0,22.0,Hawaii,570,364,4591.26779876757
4214,HUNTING,10.0,22.0,Connecticut,173,364,2529.4042776906977
4216,HUNTING,29.0,29.0,Kansas,168,364,2861.788252124884
4218,HUNTING,19.0,31.0,Indiana,923,364,6935.304823870397
4230,HUNTING,29.0,29.0,Kansas,968,364,6869.427341489246
4240,HUNTING,5.0,17.0,Nebraska,627,364,4232.939758607486
4258,HUNTING,11.0,23.0,West Virginia,762,364,5427.817793552028
4261,HUNTING,16.0,28.0,Pennsylvania,213,364,3166.3044705144825
4264,HUNTING,29.0,29.0,Kentucky,123,364,2448.699042348814
4267,HUNTING,13.0,25.0,Oklahoma,21,364,578.2949074650406
4269,HUNTING,19.0,31.0,New York,859,364,6690.54175683853
4270,HUNTING,10.0,22.0,Oregon,325,364,3466.8645776839912
4301,HUNTING,10.0,22.0,Hawaii,938,364,5889.746683856616
4321,HUNTING,5.0,17.0,Nebraska,886,364,5031.820942760185
4325,HUNTING,10.0,22.0,Florida,326,364,3472.1941189973813
4334,HUNTING,10.0,22.0,Connecticut,731,364,5199.407850899946
4340,HUNTING,29.0,29.0,Missouri,846,364,6421.966521245653
4347,HUNTING,15.0,27.0,Georgia,495,364,4739.890821527433
4348,HUNTING,10.0,22.0,California,146,364,2323.6548797099795
4385,HUNTING,32.0,32.0,Ohio,453,364,4936.37275739991
4390,HUNTING,19.0,31.0,Indiana,8,364,431.5089802078283
4400,HUNTING,10.0,22.0,New Mexico,365,364,3674.0209580240557
4444,HUNTING,19.0,31.0,Indiana,569,364,5445.287779355651
4451,HUNTING,10.0,22.0,Montana,801,364,5442.663134900046
4455,HUNTING,10.0,22.0,Alabama,695,364,5069.762321845079
4464,HUNTING,5.0,17.0,South Dakota,977,364,5283.912281633751
4475,HUNTING,5.0,17.0,Nebraska,741,364,4601.690667569909
4477,HUNTING,10.0,22.0,Texas,497,364,4287.196519871698
4495,HUNTING,16.0,28.0,Pennsylvania,101,364,2180.3366712505663
4499,HUNTING,10.0,22.0,Nevada,892,364,5743.513210570687
4505,HUNTING,15.0,27.0,South Carolina,552,364,5005.359527546448
4506,HUNTING,9.0,21.0,Louisiana,145,364,2262.442264456709
4523,HUNTING,10.0,22.0,Wyoming,913,364,5810.728525753032
4543,HUNTING,10.0,22.0,Texas,573,364,4603.334226405899
4546,HUNTING,11.0,23.0,West Virginia,362,364,3741.1236280026887
4557,HUNTING,10.0,22.0,Massachusetts,598,364,4702.683914532211
4558,HUNTING,10.0,22.0,Rhode Island,425,364,3964.511319191812
4561,HUNTING,11.0,23.0,Arkansas,843,364,5709.019968435913
4566,HUNTING,21.0,33.0,Michigan,531,364,5427.353222335912
4570,HUNTING,29.0,29.0,Illinois,141,364,2621.7568537146994
4576,HUNTING,10.0,22.0,Colorado,878,364,5698.2625422140745
4590,HUNTING,10.0,22.0,Mississippi,61,364,864.4362324659928
4594,HUNTING,10.0,22.0,New Mexico,292,364,3286.144245160276
4599,HUNTING,29.0,29.0,Missouri,422,364,4535.645268316295
4610,HUNTING,10.0,22.0,Idaho,156,364,2401.914236603797
4621,HUNTING,10.0,22.0,New Mexico,313,364,3402.258955458858
4629,HUNTING,10.0,22.0,Massachusetts,509,364,4338.644719264301
4632,HUNTING,10.0,22.0,Montana,356,364,3628.442089933364
4633,HUNTING,13.0,25.0,Oklahoma,980,364,6417.515095424395
4651,HUNTING,5.0,17.0,South Dakota,53,364,569.7587208634898
4654,HUNTING,10.0,22.0,Maine,459,364,4120.0410192132795
4661,HUNTING,17.0,29.0,Maryland,98,364,1428.5832142370984
4663,HUNTING,20.0,32.0,Minnesota,38,364,964.8834126463155
4668,HUNTING,10.0,22.0,Vermont,391,364,3802.6256718220375
4677,HUNTING,10.0,22.0,Alaska,221,364,2858.8497687006916
4680,HUNTING,19.0,31.0,New York,28,364,807.2793816269558
4692,HUNTING,10.0,22.0,New Jersey,435,364,4010.8814492577567
4694,HUNTING,15.0,27.0,South Carolina,321,364,3816.9656796989934
4701,HUNTING,10.0,22.0,Wyoming,639,364,4861.2239199608985
4706,HUNTING,10.0,22.0,Wyoming,356,364,3628.442089933364
4710,HUNTING,16.0,28.0,Pennsylvania,988,364,6819.3243067037065
4712,HUNTING,32.0,32.0,Ohio,942,364,7118.431287861112
4714,HUNTING,5.0,17.0,Nebraska,910,364,5099.516643761445
4719,HUNTING,17.0,29.0,Maryland,796,364,6229.302047581254
4724,HUNTING,16.0,28.0,Pennsylvania,952,364,6693.932775282405
4728,HUNTING,10.0,22.0,Alabama,495,364,4278.561674207817
4737,HUNTING,29.0,29.0,Kansas,650,364,5629.107389275852
4750,HUNTING,10.0,22.0,Mississippi,444,364,4052.160904998714
4758,HUNTING,10.0,22.0,Nevada,265,364,3130.5319036866563
4766,HUNTING,10.0,22.0,Utah,290,364,3274.870989825401
4771,HUNTING,10.0,22.0,Alaska,966,364,5977.00694327855
4780,HUNTING,10.0,22.0,Nevada,220,364,2852.3744494718785
4802,HUNTING,10.0,22.0,Wyoming,927,364,5855.110075822658
4806,HUNTING,10.0,22.0,Rhode Island,289,364,3269.2197845969304
4812,HUNTING,9.0,21.0,Louisiana,52,364,757.1657678474378
4815,HUNTING,11.0,23.0,West Virginia,467,364,4249.190628813916
4817,HUNTING,35.0,35.0,Iowa,973,364,7566.138711390375
4823,HUNTING,9.0,21.0,Louisiana,899,364,5633.4358077464585
4828,HUNTING,35.0,35.0,Iowa,795,364,6839.139200221034
4830,HUNTING,10.0,22.0,Maine,275,364,3189.0515831513294
4831,HUNTING,10.0,22.0,California,984,364,6032.436323741843
4839,HUNTING,32.0,32.0,Ohio,739,364,6304.941554051076
4843,HUNTING,10.0,22.0,Alabama,843,364,5583.531678068997
4851,HUNTING,13.0,25.0,Oklahoma,889,364,6112.301121508985
4860,HUNTING,35.0,35.0,Iowa,896,364,7260.589507746598
4867,HUNTING,19.0,31.0,New York,502,364,5114.657564294994
4868,HUNTING,35.0,35.0,Iowa,506,364,5456.235881997772
4878,HUNTING,10.0,22.0,Delaware,931,364,5867.72886217487
4895,HUNTING,10.0,22.0,Wyoming,414,364,3912.869535264369
4898,HUNTING,5.0,17.0,Nebraska,975,364,5278.50120772933
4933,HUNTING,21.0,33.0,Michigan,876,364,6970.964639129938
4969,HUNTING,10.0,22.0,Florida,399,364,3841.330238341921
4984,HUNTING,9.0,21.0,Louisiana,629,364,4712.146962903428
4993,HUNTING,10.0,22.0,New Mexico,704,364,5102.482533042127
5006,HUNTING,10.0,22.0,Montana,428,364,3978.4791063922908
5008,HUNTING,10.0,22.0,Oregon,894,364,5749.948521508693
5010,HUNTING,10.0,22.0,Hawaii,239,364,2972.994786406461
5016,HUNTING,10.0,22.0,Florida,713,364,5134.994255108763
5048,HUNTING,16.0,28.0,Pennsylvania,98,364,1385.9292911256332
5053,HUNTING,10.0,22.0,Utah,36,364,664.0783086353597
5058,HUNTING,29.0,29.0,Missouri,794,364,6221.47136937879
5071,HUNTING,12.0,24.0,North Carolina,952,364,6197.377509882709
5075,HUNTING,10.0,22.0,Utah,297,364,3314.15962198564
5079,HUNTING,10.0,22.0,New Mexico,90,364,1050.0
5082,HUNTING,10.0,22.0,New Mexico,496,364,4282.881273161795
5087,HUNTING,20.0,32.0,Minnesota,216,364,3408.6759892955506
5089,HUNTING,15.0,27.0,Georgia,900,364,6391.267479929157
5090,HUNTING,10.0,22.0,Colorado,473,364,4182.401941468562
5091,HUNTING,10.0,22.0,Hawaii,908,364,5794.795596049959
5094,HUNTING,10.0,22.0,Oregon,889,364,5733.846701822434
5103,HUNTING,10.0,22.0,Nevada,223,364,2871.7566052853435
5104,HUNTING,19.0,31.0,Indiana,720,364,6125.350602210457
5111,HUNTING,15.0,27.0,South Carolina,62,364,1067.3565477383834
5114,HUNTING,10.0,22.0,Oregon,246,364,3016.2181618709214
5116,HUNTING,13.0,25.0,Oklahoma,410,364,4150.9336299199
5121,HUNTING,10.0,22.0,California,622,364,4796.123851611841
5123,HUNTING,5.0,17.0,Nebraska,732,364,4573.659803702064
5138,HUNTING,10.0,22.0,Idaho,28,364,585.662018573853
5144,HUNTING,8.5,20.5,Tennessee,890,364,5538.036204287581
5147,HUNTING,10.0,22.0,Alabama,86,364,1026.4014809030625
5158,HUNTING,13.0,25.0,Oklahoma,714,364,5477.759578513828
5188,HUNTING,10.0,22.0,Connecticut,402,364,3855.7442861268687
5191,HUNTING,10.0,22.0,Connecticut,787,364,5394.889618889343
5203,HUNTING,11.0,23.0,Arkansas,390,364,3883.1134415569168
5218,HUNTING,5.0,17.0,Nebraska,101,364,1698.9046471182542
5229,HUNTING,19.0,31.0,Indiana,149,364,2786.492239357576
5232,HUNTING,19.0,31.0,Indiana,620,364,5684.084798804466
5239,HUNTING,10.0,22.0,New Jersey,905,364,5785.214775615509
5247,HUNTING,10.0,22.0,New Mexico,910,364,5801.174019110269
5255,HUNTING,35.0,35.0,Iowa,679,364,6320.519361571484
5256,HUNTING,10.0,22.0,Vermont,608,364,4741.840992694715
5264,HUNTING,10.0,22.0,Colorado,961,364,5961.518430735579
5267,HUNTING,10.0,22.0,Washington,820,364,5506.835752044907
5284,HUNTING,5.0,17.0,Nebraska,163,364,2158.251838873304
5294,HUNTING,29.0,29.0,Kentucky,671,364,5719.316305293843
5308,HUNTING,29.0,29.0,Kentucky,816,364,6307.074123553647
5310,HUNTING,10.0,22.0,Alaska,84,364,1014.3963722332606
5311,HUNTING,10.0,22.0,Maine,141,364,2283.5196517656686
5331,HUNTING,10.0,22.0,Arizona,874,364,5685.2676278254485
5333,HUNTING,10.0,22.0,Idaho,389,364,3792.8878180088586
5351,HUNTING,19.0,31.0,Indiana,351,364,4276.793308075573
5360,HUNTING,12.0,24.0,North Carolina,807,364,5705.927444333655
5365,HUNTING,13.0,25.0,Oklahoma,539,364,4759.356574159999
5369,HUNTING,10.0,22.0,Hawaii,920,364,5832.961511959426
5373,HUNTING,16.0,28.0,Pennsylvania,248,364,3416.5573315839442
5374,HUNTING,10.0,22.0,Arizona,835,364,5556.9748964702
5378,HUNTING,10.0,22.0,Rhode Island,533,364,4439.752921053152
5398,HUNTING,29.0,29.0,Illinois,345,364,4101.024871907021
5419,HUNTING,10.0,22.0,Washington,80,364,989.9494936611666
5434,HUNTING,11.0,23.0,Arkansas,850,364,5732.6738961849205
5472,HUNTING,10.0,22.0,Delaware,517,364,4372.607231389529
5488,HUNTING,5.0,17.0,Nebraska,814,364,4823.036180664623
5510,HUNTING,10.0,22.0,Alaska,131,364,2201.0547471610057
5513,HUNTING,10.0,22.0,Delaware,690,364,5051.492848653752
5526,HUNTING,10.0,22.0,New Mexico,23,364,530.8012810836085
5529,HUNTING,10.0,22.0,New Hampshire,90,364,1050.0
5533,HUNTING,10.0,22.0,California,885,364,5720.932616278574
5540,HUNTING,29.0,29.0,Wisconsin,692,364,5808.124309964449
5543,HUNTING,10.0,22.0,Delaware,466,364,4151.3385793018615
5567,HUNTING,10.0,22.0,Texas,758,364,5294.5590940134
5577,HUNTING,10.0,22.0,Alabama,373,364,3714.06596602699
5589,HUNTING,10.0,22.0,Wyoming,649,364,4899.114001531298
5592,HUNTING,10.0,22.0,Colorado,523,364,4397.907002200024
5594,HUNTING,10.0,22.0,New Jersey,684,364,5029.481881864174
5602,HUNTING,10.0,22.0,California,440,364,4033.866631409621
5603,HUNTING,32.0,32.0,Ohio,950,364,7148.594267406705
5604,HUNTING,8.5,20.5,Tennessee,843,364,5389.823883950198
5616,HUNTING,10.0,22.0,Mississippi,263,364,3118.6962019408047
5619,HUNTING,10.0,22.0,Oregon,42,364,717.2865536171719
5622,HUNTING,29.0,29.0,Kansas,163,364,2818.880451526811
5623,HUNTING,10.0,22.0,Vermont,163,364,2455.212007139098
5624,HUNTING,11.0,23.0,West Virginia,335,364,3598.903305175064
5628,HUNTING,10.0,22.0,Alaska,873,364,5682.014255525939
5633,HUNTING,20.0,32.0,Minnesota,33,364,899.166280506559
5640,HUNTING,10.0,22.0,Connecticut,937,364,5886.606322831518
5645,HUNTING,21.0,33.0,Michigan,605,364,5793.199892977973
5646,HUNTING,21.0,33.0,Michigan,529,364,5417.122575685362
5656,HUNTING,29.0,29.0,Illinois,77,364,1653.9120290994924
5657,HUNTING,17.0,29.0,Maryland,590,364,5363.013145611336
5662,HUNTING,10.0,22.0,Alaska,89,364,1044.150372312341
5684,HUNTING,13.0,25.0,Oklahoma,7,364,333.87872049593096
5689,HUNTING,12.0,24.0,North Carolina,235,364,3079.097270305048
5691,HUNTING,5.0,17.0,Nebraska,720,364,4536.0158729881
5695,HUNTING,13.0,25.0,Oklahoma,889,364,6112.301121508985
5698,HUNTING,10.0,22.0,Delaware,778,364,5363.953392787823
5715,HUNTING,10.0,22.0,Arizona,71,364,932.603881613196
5717,HUNTING,16.0,28.0,Virginia,875,364,6417.515095424395
5723,HUNTING,10.0,22.0,Nevada,589,364,4667.161664223771
5735,HUNTING,10.0,22.0,Mississippi,443,364,4047.595088444495
5737,HUNTING,11.0,23.0,Arkansas,359,364,3725.589483558273
5738,HUNTING,20.0,32.0,Minnesota,2,364,300.0
5752,HUNTING,16.0,28.0,Virginia,759,364,5977.00694327855
5758,HUNTING,10.0,22.0,Massachusetts,766,364,5322.4253869828935
5772,HUNTING,10.0,22.0,Massachusetts,195,364,2685.421754585302
5776,HUNTING,9.0,21.0,Louisiana,222,364,2799.4324424782967
5786,HUNTING,29.0,29.0,Wisconsin,849,364,6433.342910182855
5793,HUNTING,15.0,27.0,Georgia,461,364,4574.211079519615
5806,HUNTING,11.0,23.0,Arkansas,284,364,3313.652365592987
5813,HUNTING,10.0,22.0,New Hampshire,510,364,4342.904558011838
5819,HUNTING,29.0,29.0,Wisconsin,646,364,5611.760329878674
5823,HUNTING,10.0,22.0,Mississippi,61,364,864.4362324659928
5833,HUNTING,13.0,25.0,Oklahoma,749,364,5610.412195195643
5834,HUNTING,10.0,22.0,Washington,473,364,4182.401941468562
5835,HUNTING,29.0,29.0,Wisconsin,615,364,5475.457515130585
5846,HUNTING,13.0,25.0,Oklahoma,562,364,4859.840532363176
5852,HUNTING,10.0,22.0,Mississippi,292,364,3286.144245160276
5858,HUNTING,29.0,29.0,Illinois,284,364,3720.848827888604
5887,HUNTING,10.0,22.0,New Hampshire,67,364,905.9525373881349
5899,HUNTING,8.5,20.5,Tennessee,653,364,4743.701771823351
5906,HUNTING,10.0,22.0,Alabama,473,364,4182.401941468562
5926,HUNTING,10.0,22.0,Connecticut,568,364,4583.205864894136
5944,HUNTING,10.0,22.0,Washington,676,364,4999.983199971776
5961,HUNTING,19.0,31.0,New York,602,364,5600.9661666537495
5963,HUNTING,10.0,22.0,Arizona,363,364,3663.941320490818
5982,HUNTING,8.5,20.5,Tennessee,759,364,5114.246718726034
5984,HUNTING,10.0,22.0,North Dakota,12,364,383.40579025361626
5995,HUNTING,10.0,22.0,Oregon,915,364,5817.089478424756
6006,HUNTING,10.0,22.0,Utah,649,364,4899.114001531298
6019,HUNTING,10.0,22.0,Wyoming,526,364,4410.502465706147
6021,HUNTING,10.0,22.0,Nevada,996,364,6069.108006947973
6035,HUNTING,11.0,23.0,West Virginia,537,364,4556.537172019998
6042,HUNTING,13.0,25.0,Oklahoma,843,364,5952.06476779277
6046,HUNTING,15.0,27.0,South Carolina,857,364,6236.718608370911
6055,HUNTING,15.0,27.0,South Carolina,664,364,5489.714746687663
6065,HUNTING,10.0,22.0,Washington,49,364,774.7580267412529
6079,HUNTING,10.0,22.0,Mississippi,254,364,3064.8699809290442
6087,HUNTING,10.0,22.0,Alaska,438,364,4024.688310913033
6094,HUNTING,10.0,22.0,North Dakota,571,364,4595.293461793272
6096,HUNTING,13.0,25.0,Oklahoma,741,364,5580.369611414641
6097,HUNTING,10.0,22.0,Idaho,181,364,2587.2267005424937
6102,HUNTING,5.0,17.0,South Dakota,304,364,2947.440923920274
6110,HUNTING,10.0,22.0,Utah,905,364,5785.214775615509
6126,HUNTING,10.0,22.0,New Hampshire,133,364,2217.7930471529576
6130,HUNTING,10.0,22.0,New Hampshire,265,364,3130.5319036866563
6137,HUNTING,10.0,22.0,Wyoming,129,364,2184.188178706221
6156,HUNTING,10.0,22.0,California,94,364,1073.0796801729125
6163,HUNTING,16.0,28.0,Pennsylvania,811,364,6178.361271405226
6166,HUNTING,10.0,22.0,Texas,68,364,912.6883367283709
6172,HUNTING,10.0,22.0,California,552,364,4518.192558977538
6174,HUNTING,15.0,27.0,South Carolina,665,364,5493.847012795314
6185,HUNTING,10.0,22.0,Idaho,319,364,3434.713670744623
6190,HUNTING,32.0,32.0,Ohio,264,364,3768.433096128947
6191,HUNTING,12.0,24.0,North Carolina,390,364,3966.6308121628863
6202,HUNTING,10.0,22.0,Rhode Island,830,364,5540.312265567709
6210,HUNTING,10.0,22.0,Alabama,997,364,6072.153983554765
6216,HUNTING,21.0,33.0,Michigan,231,364,3579.701523870391
6225,HUNTING,10.0,22.0,Utah,153,364,2378.706791515087
6238,HUNTING,10.0,22.0,Alabama,489,364,4252.55193971808
6239,HUNTING,32.0,32.0,Ohio,206,364,3328.8364333502477
6247,HUNTING,12.0,24.0,North Carolina,283,364,3378.9572355979885
6252,HUNTING,10.0,22.0,Colorado,902,364,5775.618062164429
6266,HUNTING,10.0,22.0,Oregon,879,364,5701.5066429848175
6272,HUNTING,29.0,29.0,Wisconsin,97,364,1856.3202848646567
6291,HUNTING,29.0,29.0,Kentucky,934,364,6747.708203531032
6292,HUNTING,10.0,22.0,Vermont,843,364,5583.531678068997
6301,HUNTING,10.0,22.0,Utah,188,364,2636.7813712934185
6302,HUNTING,29.0,29.0,Kentucky,924,364,6711.488359522052
6315,HUNTING,10.0,22.0,Montana,556,364,4534.533272565105
6335,HUNTING,16.0,28.0,Virginia,496,364,4831.741714951245
6337,HUNTING,5.0,17.0,Nebraska,711,364,4507.576621644939
6342,HUNTING,20.0,32.0,Minnesota,91,364,1493.151030539108
6351,HUNTING,10.0,22.0,New Mexico,220,364,2852.3744494718785
6355,HUNTING,10.0,22.0,Alabama,887,364,5727.393298875152
6362,HUNTING,10.0,22.0,Nevada,947,364,5917.934943880339
6363,HUNTING,5.0,17.0,Nebraska,719,364,4532.864767451153
6376,HUNTING,10.0,22.0,Utah,409,364,3889.1693200476625
6392,HUNTING,8.5,20.5,Tennessee,61,364,796.9708275714991
6410,HUNTING,10.0,22.0,Arizona,826,364,5526.945992137068
6415,HUNTING,13.0,25.0,Oklahoma,813,364,5845.196746047134
6435,HUNTING,9.0,21.0,Louisiana,544,364,4382.2076628110635
6437,HUNTING,10.0,22.0,North Dakota,188,364,2636.7813712934185
6443,HUNTING,10.0,22.0,Arizona,264,364,3124.6196568542546
6456,HUNTING,21.0,33.0,Michigan,604,364,5788.410144417895
6461,HUNTING,15.0,27.0,Georgia,299,364,3683.844866440497
6463,HUNTING,29.0,29.0,Kentucky,292,364,3772.891199067368
6465,HUNTING,10.0,22.0,North Dakota,709,364,5120.570085449471
6480,HUNTING,10.0,22.0,New Jersey,949,364,5924.18078724814
6485,HUNTING,8.5,20.5,Tennessee,136,364,2164.86212032083
6500,HUNTING,29.0,29.0,Wisconsin,389,364,4354.694133920315
6506,HUNTING,10.0,22.0,New Hampshire,313,364,3402.258955458858
6507,HUNTING,20.0,32.0,Minnesota,323,364,4168.310928901537
6508,HUNTING,29.0,29.0,Wisconsin,543,364,5144.969096117099
6513,HUNTING,19.0,31.0,Indiana,53,364,1110.66421568357
6520,HUNTING,10.0,22.0,Colorado,178,364,2565.6960069345705
6543,HUNTING,10.0,22.0,Mississippi,787,364,5394.889618889343
6548,HUNTING,10.0,22.0,North Dakota,921,364,5836.130738768624
6560,HUNTING,19.0,31.0,Indiana,405,364,4594.012951657843
6561,HUNTING,10.0,22.0,Oregon,270,364,3159.9272143516214
6563,HUNTING,10.0,22.0,Mississippi,946,364,5914.809548920404
6566,HUNTING,10.0,22.0,New Hampshire,626,364,4811.520757515237
6568,HUNTING,10.0,22.0,Arizona,859,364,5636.269865788898
6571,HUNTING,10.0,22.0,Connecticut,318,364,3429.3258812775434
6583,HUNTING,10.0,22.0,Maine,842,364,5580.218992118499
6597,HUNTING,17.0,29.0,Maryland,855,364,6456.035548229269
6604,HUNTING,32.0,32.0,Ohio,913,364,7008.002283104651
6609,HUNTING,32.0,32.0,Ohio,633,364,5835.266574887561
6610,HUNTING,29.0,29.0,Kentucky,690,364,5799.724993480295
6623,HUNTING,21.0,33.0,Michigan,822,364,6752.688797804916
6626,HUNTING,12.0,24.0,North Carolina,425,364,4140.797024728452
6633,HUNTING,8.5,20.5,Tennessee,269,364,3044.6468596538416
6645,HUNTING,10.0,22.0,Utah,888,364,5730.620908767216
6646,HUNTING,11.0,23.0,Arkansas,888,364,5859.414987863549
6647,HUNTING,10.0,22.0,Wyoming,248,364,3028.4543912695794
6653,HUNTING,29.0,29.0,Kentucky,244,364,3448.877498549347
6667,HUNTING,21.0,33.0,Michigan,675,364,6119.172738205713
6678,HUNTING,10.0,22.0,California,525,364,4406.307978341959
6697,HUNTING,8.5,20.5,Tennessee,982,364,5817.233964694905
6705,HUNTING,16.0,28.0,Pennsylvania,949,364,6683.3772899635105
6716,HUNTING,10.0,22.0,Utah,472,364,4177.978458537094
6724,HUNTING,8.5,20.5,Tennessee,690,364,4876.242918477298
6733,HUNTING,10.0,22.0,New Hampshire,781,364,5374.285254803655
6736,HUNTING,10.0,22.0,Vermont,831,364,5543.64879839984
6754,HUNTING,10.0,22.0,Arizona,841,364,5576.904338430058
6766,HUNTING,10.0,22.0,New Mexico,316,364,3418.5248280508363
6775,HUNTING,5.0,17.0,South Dakota,891,364,5045.99910820444
6783,HUNTING,19.0,31.0,New York,741,364,6214.036610770812
6796,HUNTING,11.0,23.0,Arkansas,54,364,853.0240324867759
6800,HUNTING,10.0,22.0,Mississippi,796,364,5425.649454212832
6811,HUNTING,29.0,29.0,Kentucky,753,364,6058.712486989294
6819,HUNTING,29.0,29.0,Kentucky,384,364,4326.617154313518
6829,HUNTING,10.0,22.0,Washington,234,364,2941.732142802944
6834,HUNTING,9.0,21.0,Louisiana,708,364,4999.310752493788
6840,HUNTING,10.0,22.0,Wyoming,689,364,5047.83101935871
6847,HUNTING,17.0,29.0,Maryland,724,364,5940.898585231026
6891,HUNTING,10.0,22.0,New Hampshire,478,364,4204.44954780052
6895,HUNTING,10.0,22.0,Vermont,740,364,5231.317233737599
6899,HUNTING,10.0,22.0,Idaho,852,364,5613.2578775609445
6907,HUNTING,5.0,17.0,Nebraska,897,364,5062.960497574517
6911,HUNTING,5.0,17.0,Nebraska,865,364,4971.83115159797
6916,HUNTING,12.0,24.0,North Carolina,594,364,4895.33819056457
6925,HUNTING,10.0,22.0,Colorado,60,364,857.3214099741123
6927,HUNTING,16.0,28.0,Pennsylvania,940,364,6651.610331340825
6928,HUNTING,10.0,22.0,New Jersey,230,364,2916.480755979713
6933,HUNTING,10.0,22.0,New Jersey,590,364,4671.121920909365
6939,HUNTING,16.0,28.0,Virginia,530,364,4994.601085171868
6940,HUNTING,10.0,22.0,Connecticut,837,364,5563.625975926132
6944,HUNTING,13.0,25.0,Oklahoma,871,364,6050.1053709832195
6947,HUNTING,16.0,28.0,Pennsylvania,665,364,5594.659953920345
6954,HUNTING,10.0,22.0,Mississippi,410,364,3893.9209031514756
6959,HUNTING,29.0,29.0,Illinois,948,364,6798.091791083731
6967,HUNTING,10.0,22.0,Texas,610,364,4749.633670084462
6983,HUNTING,13.0,25.0,Oklahoma,12,364,437.1498598878879
6991,HUNTING,19.0,31.0,New York,766,364,6317.9922443763735
6995,HUNTING,10.0,22.0,Delaware,61,364,864.4362324659928
7034,HUNTING,10.0,22.0,North Dakota,575,364,4611.360970472817
7037,HUNTING,11.0,23.0,West Virginia,487,364,4339.225852614726
7044,HUNTING,10.0,22.0,Rhode Island,919,364,5829.790562275801
7051,HUNTING,10.0,22.0,Washington,430,364,3987.7637843784073
7052,HUNTING,32.0,32.0,Ohio,658,364,5949.381144287194
7060,HUNTING,10.0,22.0,Delaware,842,364,5580.218992118499
7067,HUNTING,10.0,22.0,New Hampshire,587,364,4659.23105243773
7098,HUNTING,10.0,22.0,Florida,934,364,5877.175171798098
7099,HUNTING,10.0,22.0,Florida,593,364,4682.982596593756
7100,HUNTING,17.0,29.0,Maryland,414,364,4492.447662466419
7101,HUNTING,29.0,29.0,Kentucky,60,364,1459.9657530229947
7103,HUNTING,10.0,22.0,Utah,420,364,3941.1216677489165
7112,HUNTING,10.0,22.0,California,153,364,2378.706791515087
7133,HUNTING,10.0,22.0,Utah,884,364,5717.699537401383
7136,HUNTING,10.0,22.0,Wyoming,677,364,5003.680045726345
7143,HUNTING,10.0,22.0,Maine,232,364,2929.133660316647
7149,HUNTING,8.5,20.5,Tennessee,520,364,4233.138315718021
7153,HUNTING,10.0,22.0,Oregon,117,364,2080.1187466103947
7155,HUNTING,17.0,29.0,Maryland,93,364,1391.662674644973
7159,HUNTING,29.0,29.0,Illinois,11,364,625.1199884822113
7160,HUNTING,10.0,22.0,Maine,734,364,5210.066026453024
7162,HUNTING,15.0,27.0,Georgia,36,364,813.3265027035575
7172,HUNTING,35.0,35.0,Iowa,350,364,4537.868442341624
7192,HUNTING,8.5,20.5,Tennessee,722,364,4988.033780960189
7193,HUNTING,10.0,22.0,Colorado,938,364,5889.746683856616
7208,HUNTING,11.0,23.0,West Virginia,10,364,367.08309685955305
7212,HUNTING,10.0,22.0,Florida,626,364,4811.520757515237
7226,HUNTING,32.0,32.0,Ohio,559,364,5483.58714711456
7230,HUNTING,10.0,22.0,Arizona,536,364,4452.230003043419
7238,HUNTING,10.0,22.0,Mississippi,891,364,5740.292849672393
7257,HUNTING,12.0,24.0,North Carolina,368,364,3853.1275608263995
7279,HUNTING,5.0,17.0,Nebraska,415,364,3443.7559437335276
7293,HUNTING,5.0,17.0,South Dakota,691,364,4443.726701767335
7298,HUNTING,11.0,23.0,West Virginia,144,364,2359.549109469858
7304,HUNTING,10.0,22.0,Vermont,603,364,4722.303039831307
7315,HUNTING,32.0,32.0,Ohio,266,364,3782.6805310520213
7321,HUNTING,21.0,33.0,Michigan,832,364,6793.639378124218
7324,HUNTING,12.0,24.0,North Carolina,134,364,2325.1012881162833
7329,HUNTING,10.0,22.0,Hawaii,287,364,3257.8879661523047
7341,HUNTING,29.0,29.0,Missouri,387,364,4343.485121420355
7343,HUNTING,35.0,35.0,Iowa,957,364,7503.672101044927
7348,HUNTING,10.0,22.0,Vermont,862,364,5646.103435113459
7365,HUNTING,13.0,25.0,Oklahoma,765,364,5670.019841235126
7368,HUNTING,10.0,22.0,Utah,921,364,5836.130738768624
7377,HUNTING,10.0,22.0,New Mexico,555,364,4530.4536196720965
7378,HUNTING,10.0,22.0,Arizona,6,364,300.0
7386,HUNTING,17.0,29.0,Maryland,39,364,901.2075232708613
7393,HUNTING,10.0,22.0,Colorado,44,364,734.1661937191061
7403,HUNTING,13.0,25.0,Oklahoma,678,364,5337.878792179529
7408,HUNTING,29.0,29.0,Illinois,615,364,5475.457515130585
7417,HUNTING,21.0,33.0,Michigan,128,364,2664.684596720595
7427,HUNTING,29.0,29.0,Kentucky,803,364,6256.632241070271
7432,HUNTING,12.0,24.0,North Carolina,228,364,3032.8916894607364
7434,HUNTING,5.0,17.0,Nebraska,339,364,3112.4914457713776
7452,HUNTING,10.0,22.0,Idaho,684,364,5029.481881864174
7457,HUNTING,12.0,24.0,North Carolina,265,364,3269.733934129809
7470,HUNTING,10.0,22.0,Alabama,459,364,4120.0410192132795
7476,HUNTING,13.0,25.0,Oklahoma,543,364,4776.983881069728
7485,HUNTING,35.0,35.0,Iowa,222,364,3614.051742850398
7490,HUNTING,10.0,22.0,Alaska,658,364,4932.96624760397
7491,HUNTING,10.0,22.0,Alaska,896,364,5756.376638129233
7495,HUNTING,29.0,29.0,Kentucky,189,364,3035.384819096254
7497,HUNTING,9.0,21.0,Louisiana,445,364,3963.451147674208
7506,HUNTING,10.0,22.0,Hawaii,367,364,3684.073017734583
7514,HUNTING,10.0,22.0,Alaska,719,364,5156.554857654479
7516,HUNTING,15.0,27.0,Georgia,901,364,6394.8171983255315
7523,HUNTING,35.0,35.0,Iowa,274,364,4015.07036052919
7524,HUNTING,10.0,22.0,Maine,81,364,996.1174629530395
7525,HUNTING,15.0,27.0,South Carolina,394,364,4228.767905667087
7527,HUNTING,10.0,22.0,Rhode Island,111,364,2026.080452499357
7533,HUNTING,11.0,23.0,West Virginia,673,364,5100.999803960004
7550,HUNTING,10.0,22.0,Massachusetts,351,364,3602.871354905695
7568,HUNTING,9.0,21.0,Louisiana,788,364,5274.200223730609
7579,HUNTING,10.0,22.0,New Hampshire,986,364,6038.5637365188095
7581,HUNTING,10.0,22.0,Utah,253,364,3058.830822389496
7595,HUNTING,16.0,28.0,Pennsylvania,187,364,2966.768612480589
7600,HUNTING,11.0,23.0,West Virginia,13,364,418.5391260085489
7627,HUNTING,10.0,22.0,Utah,529,364,4423.062061513494
7634,HUNTING,29.0,29.0,Illinois,15,364,729.9828765114974
7644,HUNTING,10.0,22.0,Montana,649,364,4899.114001531298
7646,HUNTING,10.0,22.0,Maine,80,364,989.9494936611666
7649,HUNTING,16.0,28.0,Virginia,390,364,4284.450956657107
7656,HUNTING,15.0,27.0,South Carolina,502,364,4773.287546335335
7661,HUNTING,10.0,22.0,Wyoming,181,364,2587.2267005424937
7670,HUNTING,10.0,22.0,Connecticut,267,364,3142.323026042994
7675,HUNTING,29.0,29.0,Illinois,469,364,4781.556336591675
7677,HUNTING,29.0,29.0,Wisconsin,683,364,5770.2311045572515
7686,HUNTING,12.0,24.0,North Carolina,396,364,3997.0268950808927
7692,HUNTING,10.0,22.0,North Dakota,734,364,5210.066026453024
7709,HUNTING,35.0,35.0,Iowa,343,364,4492.260566797077
7710,HUNTING,9.0,21.0,Louisiana,125,364,2100.6249070217177
7716,HUNTING,17.0,29.0,Maryland,728,364,5957.287302119984
7732,HUNTING,10.0,22.0,New Jersey,206,364,2760.125359471921
7734,HUNTING,16.0,28.0,Pennsylvania,687,364,5686.450210808145
7761,HUNTING,35.0,35.0,Iowa,642,364,6145.898632421463
7765,HUNTING,10.0,22.0,Mississippi,238,364,2966.768612480589
7777,HUNTING,10.0,22.0,Idaho,862,364,5646.103435113459
7797,HUNTING,10.0,22.0,Arizona,490,364,4256.897931592911
7804,HUNTING,10.0,22.0,Washington,982,364,6026.302680748786
7813,HUNTING,10.0,22.0,New Mexico,767,364,5325.898421862738
7834,HUNTING,5.0,17.0,South Dakota,521,364,3858.577069335275
7836,HUNTING,10.0,22.0,Alabama,101,364,1932.661894900399
7844,HUNTING,20.0,32.0,Minnesota,408,364,4684.77704912411
7862,HUNTING,10.0,22.0,Oregon,553,364,4522.283272861177
7872,HUNTING,10.0,22.0,Vermont,886,364,5724.163869072931
7886,HUNTING,19.0,31.0,Indiana,140,364,2701.0257310880993
7891,HUNTING,17.0,29.0,Maryland,795,364,6225.3879397190985
7898,HUNTING,10.0,22.0,New Mexico,42,364,717.2865536171719
7901,HUNTING,10.0,22.0,Florida,362,364,3658.891088840989
7905,HUNTING,10.0,22.0,California,462,364,4133.483276850167
7912,HUNTING,16.0,28.0,Virginia,308,364,3807.4852593279993
7915,HUNTING,10.0,22.0,New Hampshire,53,364,805.7605103254937
7922,HUNTING,10.0,22.0,New Hampshire,464,364,4142.420548423349
7923,HUNTING,29.0,29.0,Missouri,278,364,3681.3342689845485
7928,HUNTING,10.0,22.0,Texas,142,364,2291.602932447068
7930,HUNTING,10.0,22.0,Arizona,783,364,5381.1621421399295
7943,HUNTING,10.0,22.0,Nevada,425,364,3964.511319191812
7952,HUNTING,35.0,35.0,Iowa,452,364,5156.88084019788
7960,HUNTING,16.0,28.0,Virginia,17,364,577.2347875864725
7976,HUNTING,10.0,22.0,New Jersey,150,364,2355.2706850805916
7992,HUNTING,10.0,22.0,Alaska,749,364,5263.033155890243
8004,HUNTING,29.0,29.0,Illinois,174,364,2912.4433041691987
8016,HUNTING,10.0,22.0,Massachusetts,97,364,1090.0688051678205
8031,HUNTING,15.0,27.0,South Carolina,516,364,4839.389630934877
8048,HUNTING,12.0,24.0,North Carolina,905,364,6042.459764036497
8061,HUNTING,16.0,28.0,Virginia,641,364,5492.775983052649
8063,HUNTING,12.0,24.0,North Carolina,512,364,4544.901319060734
8065,HUNTING,10.0,22.0,North Dakota,617,364,4776.807929988393
8083,HUNTING,10.0,22.0,Alabama,950,364,5927.3012408683935
8090,HUNTING,10.0,22.0,Texas,98,364,1095.673308974897
8096,HUNTING,35.0,35.0,Iowa,889,364,7232.172218635284
8097,HUNTING,11.0,23.0,Arkansas,987,364,6177.408922841356
8098,HUNTING,10.0,22.0,Texas,542,364,4477.079851867733
8101,HUNTING,11.0,23.0,Arkansas,597,364,4804.353338379682
8102,HUNTING,10.0,22.0,Utah,641,364,4868.825525729999
8103,HUNTING,21.0,33.0,Michigan,828,364,6777.288838466308
8109,HUNTING,10.0,22.0,Washington,292,364,3286.144245160276
8120,HUNTING,10.0,22.0,Florida,883,364,5714.464629341929
8129,HUNTING,10.0,22.0,Oregon,593,364,4682.982596593756
8138,HUNTING,10.0,22.0,Alaska,635,364,4845.984936006302
8140,HUNTING,10.0,22.0,Arizona,869,364,5668.982095579418
8142,HUNTING,10.0,22.0,Washington,303,364,3347.468595819832
8150,HUNTING,11.0,23.0,West Virginia,239,364,3039.8120007658367
8151,HUNTING,10.0,22.0,Connecticut,130,364,2192.637680967834
8156,HUNTING,29.0,29.0,Wisconsin,960,364,6840.982385593461
8190,HUNTING,5.0,17.0,Nebraska,572,364,4043.0241156837046
8200,HUNTING,12.0,24.0,North Carolina,506,364,4518.192558977538
8201,HUNTING,10.0,22.0,Maine,429,364,3983.124150713859
8202,HUNTING,19.0,31.0,Indiana,545,364,5329.211480134749
8203,HUNTING,10.0,22.0,Texas,962,364,5964.619350805213
8206,HUNTING,10.0,22.0,Rhode Island,230,364,2916.480755979713
8218,HUNTING,16.0,28.0,Virginia,203,364,3091.0845992952054
8219,HUNTING,5.0,17.0,Nebraska,26,364,399.06139878469827
8245,HUNTING,29.0,29.0,Illinois,595,364,5385.689835109334
8252,HUNTING,10.0,22.0,Alaska,770,364,5336.303964355854
8263,HUNTING,10.0,22.0,Massachusetts,551,364,4514.098138055929
8265,HUNTING,10.0,22.0,Texas,805,364,5456.235881997772
8282,HUNTING,19.0,31.0,New York,769,364,6330.352201892088
8287,HUNTING,35.0,35.0,Iowa,273,364,4007.736892561686
8288,HUNTING,10.0,22.0,Alaska,589,364,4667.161664223771
8296,HUNTING,10.0,22.0,Colorado,744,364,5245.436874083988
8299,HUNTING,10.0,22.0,Oregon,226,364,2891.008820463888
8309,HUNTING,10.0,22.0,Florida,78,364,977.4968030638258
8320,HUNTING,5.0,17.0,Nebraska,458,364,3617.770860626748
8378,HUNTING,19.0,31.0,New York,678,364,5944.01026244067
8392,HUNTING,10.0,22.0,North Dakota,237,364,2960.529344559854
8396,HUNTING,10.0,22.0,New Mexico,633,364,4838.347445151082
8425,HUNTING,16.0,28.0,Virginia,264,364,3525.046382673567
8429,HUNTING,10.0,22.0,Colorado,495,364,4278.561674207817
8431,HUNTING,10.0,22.0,New Mexico,51,364,790.411285344535
8434,HUNTING,10.0,22.0,New Mexico,358,364,3638.6200681027417
8447,HUNTING,8.5,20.5,Tennessee,993,364,5849.724480691377
8459,HUNTING,10.0,22.0,Rhode Island,174,364,2536.7041609143153
8475,HUNTING,17.0,29.0,Maryland,141,364,2621.7568537146994
8494,HUNTING,10.0,22.0,New Hampshire,477,364,4200.049285425113
8496,HUNTING,21.0,33.0,Michigan,138,364,2766.81658228369
8519,HUNTING,10.0,22.0,New Mexico,152,364,2370.9204963473576
8520,HUNTING,16.0,28.0,Virginia,546,364,5069.430737272184
8530,HUNTING,10.0,22.0,Arizona,978,364,6014.01662784532
8539,HUNTING,15.0,27.0,South Carolina,849,364,6207.540817425207
8546,HUNTING,35.0,35.0,Iowa,364,364,4627.735947523368
8553,HUNTING,9.0,21.0,Louisiana,744,364,5124.835997375916
8554,HUNTING,19.0,31.0,New York,359,364,4325.257102184793
8565,HUNTING,10.0,22.0,New Mexico,484,364,4230.7550153607335
8573,HUNTING,10.0,22.0,Washington,624,364,4803.828473207594
8578,HUNTING,17.0,29.0,Maryland,751,364,6050.6610382668105
8585,HUNTING,10.0,22.0,Nevada,908,364,5794.795596049959
8598,HUNTING,35.0,35.0,Iowa,647,364,6169.784842277728
8603,HUNTING,10.0,22.0,Delaware,596,364,4694.813308322281
8612,HUNTING,10.0,22.0,Florida,851,364,5609.9627449743375
8613,HUNTING,10.0,22.0,Alabama,439,364,4029.280084580867
8653,HUNTING,10.0,22.0,New Mexico,76,364,964.8834126463155
8663,HUNTING,10.0,22.0,Oregon,991,364,6053.855135366223
8671,HUNTING,5.0,17.0,South Dakota,996,364,5335.043767393104
8678,HUNTING,10.0,22.0,Montana,156,364,2401.914236603797
8683,HUNTING,29.0,29.0,Illinois,996,364,6968.070321114734
8686,HUNTING,10.0,22.0,New Mexico,282,364,3229.384461472496
8702,HUNTING,10.0,22.0,Utah,242,364,2991.595560900571
8704,HUNTING,5.0,17.0,South Dakota,423,364,3476.790330175232
8722,HUNTING,10.0,22.0,Maine,246,364,3016.2181618709214
8732,HUNTING,10.0,22.0,Washington,161,364,2440.1028666841075
8735,HUNTING,10.0,22.0,New Mexico,943,364,5905.423439517272
8736,HUNTING,29.0,29.0,Missouri,860,364,6474.8853271698945
8739,HUNTING,10.0,22.0,Alabama,223,364,2871.7566052853435
8741,HUNTING,10.0,22.0,Florida,607,364,4737.939847655308
8748,HUNTING,5.0,17.0,Nebraska,383,364,3308.321477728547
8750,HUNTING,10.0,22.0,Florida,540,364,4468.8119226478975
8755,HUNTING,29.0,29.0,Illinois,236,364,3391.8673323112153
8757,HUNTING,10.0,22.0,Alaska,430,364,3987.7637843784073
8769,HUNTING,10.0,22.0,Washington,332,364,3504.0011415523254
8779,HUNTING,10.0,22.0,Wyoming,552,364,4518.192558977538
8804,HUNTING,29.0,29.0,Wisconsin,500,364,4937.053777304841
8817,HUNTING,10.0,22.0,North Dakota,775,364,5353.601591452244
8820,HUNTING,10.0,22.0,Massachusetts,279,364,3212.160954871347
8821,HUNTING,9.0,21.0,Louisiana,189,364,2583.0
8842,HUNTING,10.0,22.0,Wyoming,89,364,1044.150372312341
8845,HUNTING,16.0,28.0,Pennsylvania,74,364,1204.3255373859677
8848,HUNTING,16.0,28.0,Pennsylvania,485,364,4777.863539281966
8854,HUNTING,10.0,22.0,Florida,362,364,3658.891088840989
8862,HUNTING,10.0,22.0,North Dakota,539,364,4464.672216411861
8863,HUNTING,10.0,22.0,Utah,77,364,971.2105847858126
8879,HUNTING,17.0,29.0,Maryland,417,364,4508.69526581693
8882,HUNTING,9.0,21.0,Louisiana,939,364,5757.398631326479
8890,HUNTING,15.0,27.0,Georgia,47,364,929.3142633146227
8905,HUNTING,10.0,22.0,California,833,364,5550.315846868537
8917,HUNTING,10.0,22.0,Wyoming,238,364,2966.768612480589
8923,HUNTING,16.0,28.0,Virginia,574,364,5197.791069290877
8924,HUNTING,8.5,20.5,Tennessee,846,364,5399.405800641401
8927,HUNTING,10.0,22.0,Nevada,949,364,5924.18078724814
8938,HUNTING,10.0,22.0,California,419,364,3936.4270601650937
8944,HUNTING,29.0,29.0,Wisconsin,49,364,1319.3653777479535
8952,HUNTING,10.0,22.0,Utah,322,364,3450.8265676501333
8958,HUNTING,8.5,20.5,Tennessee,244,364,2899.7175724542553
8959,HUNTING,10.0,22.0,New Jersey,615,364,4769.059655739274
8967,HUNTING,10.0,22.0,Delaware,412,364,3903.406717215105
9007,HUNTING,10.0,22.0,Texas,401,364,3850.9455981615733
9009,HUNTING,11.0,23.0,West Virginia,922,364,5970.534816915483
9040,HUNTING,10.0,22.0,New Hampshire,485,364,4235.1233748262875
9047,HUNTING,10.0,22.0,Nevada,391,364,3802.6256718220375
9052,HUNTING,10.0,22.0,Hawaii,991,364,6053.855135366223
9068,HUNTING,10.0,22.0,Montana,941,364,5899.157736490863
9078,HUNTING,29.0,29.0,Wisconsin,248,364,3477.032067726727
9091,HUNTING,10.0,22.0,New Hampshire,648,364,4895.33819056457
9093,HUNTING,10.0,22.0,Vermont,169,364,2499.991599985888
9095,HUNTING,35.0,35.0,Iowa,220,364,3597.73539883077
9107,HUNTING,12.0,24.0,North Carolina,180,364,2694.794982925417
9114,HUNTING,8.5,20.5,Tennessee,701,364,4914.957832982904
9126,HUNTING,21.0,33.0,Michigan,256,364,3768.433096128947
9127,HUNTING,10.0,22.0,Alaska,121,364,2115.3775076803668
9146,HUNTING,8.5,20.5,Tennessee,477,364,4054.3382320669793
9149,HUNTING,10.0,22.0,Alabama,731,364,5199.407850899946
9152,HUNTING,29.0,29.0,Missouri,42,364,1221.4949856630603
9167,HUNTING,10.0,22.0,Alabama,747,364,5256.001712328489
9171,HUNTING,15.0,27.0,South Carolina,183,364,2881.982130409556
9173,HUNTING,10.0,22.0,Utah,454,364,4097.539261556867
9195,HUNTING,10.0,22.0,New Jersey,179,364,2572.892924316906
9199,HUNTING,10.0,22.0,New Hampshire,491,364,4261.239491040136
9203,HUNTING,9.0,21.0,Louisiana,903,364,5645.954569424022
9209,HUNTING,13.0,25.0,Oklahoma,699,364,5419.914667224936
9260,HUNTING,10.0,22.0,New Hampshire,683,364,5025.804015279546
9267,HUNTING,19.0,31.0,New York,840,364,6616.1348232937335
9280,HUNTING,32.0,32.0,Ohio,502,364,5196.497281823594
9292,HUNTING,10.0,22.0,Florida,659,364,4936.7132790957185
9296,HUNTING,29.0,29.0,Wisconsin,773,364,6138.646186253122
9302,HUNTING,29.0,29.0,Wisconsin,533,364,5097.3735393828065
9309,HUNTING,17.0,29.0,Maryland,466,364,4766.238978481881
9317,HUNTING,10.0,22.0,Montana,356,364,3628.442089933364
9320,HUNTING,29.0,29.0,Illinois,276,364,3668.0681564005868
9327,HUNTING,10.0,22.0,Florida,876,364,5691.768793617674
9350,HUNTING,10.0,22.0,Vermont,57,364,835.6135470419326
9357,HUNTING,19.0,31.0,New York,398,364,4554.138557400291
9367,HUNTING,10.0,22.0,Alabama,61,364,864.4362324659928
9368,HUNTING,8.5,20.5,Tennessee,914,364,5612.209636141543
9385,HUNTING,11.0,23.0,West Virginia,53,364,845.0887527354746
9412,HUNTING,9.0,21.0,Louisiana,373,364,3628.673724654781
9416,HUNTING,10.0,22.0,Hawaii,58,364,842.9116205154608
9418,HUNTING,15.0,27.0,South Carolina,542,364,4959.813907799364
9427,HUNTING,5.0,17.0,South Dakota,804,364,4793.319100581559
9429,HUNTING,29.0,29.0,Wisconsin,932,364,6740.479804880361
9435,HUNTING,20.0,32.0,Minnesota,802,364,6568.194881396258
9442,HUNTING,10.0,22.0,Montana,444,364,4052.160904998714
9445,HUNTING,19.0,31.0,Indiana,614,364,5656.514297692529
9452,HUNTING,10.0,22.0,Massachusetts,480,364,4213.2362858021625
9464,HUNTING,11.0,23.0,West Virginia,134,364,2276.1463046122494
9471,HUNTING,10.0,22.0,Texas,475,364,4191.234901553479
9473,HUNTING,32.0,32.0,Ohio,912,364,7004.16333333254
9500,HUNTING,10.0,22.0,Connecticut,805,364,5456.235881997772
9507,HUNTING,9.0,21.0,Louisiana,821,364,5383.504527721696
9510,HUNTING,10.0,22.0,Maine,370,364,3699.099890513907
9528,HUNTING,11.0,23.0,West Virginia,649,364,5009.22019879342
9542,HUNTING,16.0,28.0,Pennsylvania,834,364,6265.358090324926
9557,HUNTING,10.0,22.0,New Jersey,593,364,4682.982596593756
9559,HUNTING,5.0,17.0,Nebraska,668,364,4369.145911960368
9561,HUNTING,10.0,22.0,Nevada,766,364,5322.4253869828935
9565,HUNTING,10.0,22.0,Delaware,714,364,5138.593971117002
9573,HUNTING,19.0,31.0,New York,207,364,3284.3533610133977
9578,HUNTING,15.0,27.0,Georgia,240,364,3300.4363347896897
9579,HUNTING,17.0,29.0,Maryland,757,364,6074.783370623187
9581,HUNTING,10.0,22.0,New Mexico,816,364,5493.388025617706
9587,HUNTING,10.0,22.0,Texas,182,364,2594.3638912072456
9591,HUNTING,10.0,22.0,Oregon,547,364,4497.683181372383
9594,HUNTING,10.0,22.0,Oregon,351,364,3602.871354905695
9595,HUNTING,10.0,22.0,Oregon,523,364,4397.907002200024
9598,HUNTING,32.0,32.0,Ohio,79,364,1759.7727125967149
9603,HUNTING,16.0,28.0,Virginia,337,364,3982.7020978225323
9617,HUNTING,13.0,25.0,Oklahoma,273,364,3387.1558865809525
9624,HUNTING,10.0,22.0,Montana,939,364,5892.885371360961
9635,HUNTING,17.0,29.0,Maryland,23,364,692.0801976649816
9638,HUNTING,32.0,32.0,Ohio,951,364,7152.35569585294
9652,HUNTING,29.0,29.0,Kentucky,916,364,6682.371136056422
9653,HUNTING,29.0,29.0,Illinois,21,364,863.7273875477147
9656,HUNTING,10.0,22.0,California,609,364,4745.73893087262
9664,HUNTING,10.0,22.0,Nevada,573,364,4603.334226405899
9673,HUNTING,10.0,22.0,North Dakota,380,364,3748.7544598172867
9708,HUNTING,10.0,22.0,Alabama,76,364,964.8834126463155
9725,HUNTING,10.0,22.0,Alaska,406,364,3874.8796110330964
9746,HUNTING,10.0,22.0,New Jersey,979,364,6017.090492920976
9761,HUNTING,10.0,22.0,California,165,364,2470.2287343482994
9777,HUNTING,10.0,22.0,Nevada,139,364,2267.2666362825526
9790,HUNTING,10.0,22.0,Idaho,69,364,919.3747875594588
9819,HUNTING,10.0,22.0,Oregon,241,364,2985.408179797195
9822,HUNTING,11.0,23.0,West Virginia,479,364,4303.437811796518
9826,HUNTING,10.0,22.0,Arizona,161,364,2440.1028666841075
9831,HUNTING,11.0,23.0,West Virginia,768,364,5449.1452540742575
9841,HUNTING,10.0,22.0,New Hampshire,274,364,3183.248026780194
9845,HUNTING,29.0,29.0,Kentucky,887,364,6575.74049062157
9851,HUNTING,29.0,29.0,Wisconsin,640,364,5585.6387280238605
9854,HUNTING,12.0,24.0,North Carolina,406,364,4047.179758795006
9859,HUNTING,10.0,22.0,Nevada,820,364,5506.835752044907
9860,HUNTING,29.0,29.0,Missouri,603,364,5421.775262771411
9874,HUNTING,15.0,27.0,South Carolina,900,364,6391.267479929157
9885,HUNTING,10.0,22.0,Arizona,652,364,4910.424014278196
9889,HUNTING,29.0,29.0,Missouri,24,364,923.3634170791044
9907,HUNTING,10.0,22.0,North Dakota,178,364,2565.6960069345705
9911,HUNTING,10.0,22.0,Utah,298,364,3319.7343267195347
9922,HUNTING,10.0,22.0,New Mexico,519,364,4381.056721842346
9923,HUNTING,10.0,22.0,Montana,371,364,3704.0953011497963
9928,HUNTING,21.0,33.0,Michigan,310,364,4146.881961184813
9929,HUNTING,10.0,22.0,Mississippi,25,364,553.3985905294663
9930,HUNTING,35.0,35.0,Iowa,787,364,6804.6414306706865
9961,HUNTING,21.0,33.0,Michigan,890,364,7026.447893494977
9975,HUNTING,8.5,20.5,Tennessee,498,364,4142.623444147441
9993,HUNTING,10.0,22.0,Idaho,702,364,5095.229533593163
9996,HUNTING,29.0,29.0,Kansas,237,364,3399.0458955418653
9998,HUNTING,10.0,22.0,Idaho,186,364,2622.718437041994
